,0
0,EarthLink
1,The Home Depot
2,Turner Broadcasting System
3,Seraph Group
4,First Data Corporation
5,AT&T Wireless
6,PodPonics
7,Vitrue
8,Manhattan Associates
9,Newell Rubbermaid
10,Silverpop
11,Eyewonder
12,CoffeeCup Software
13,Vocalocity
14,Cardlytics
15,Internet Security Systems
16,Endgame Systems
17,Shotput Ventures
18,Imlay Investments
19,SecureWorks
20,AirSage
21,Vertical Acuity
22,Analytics Quotient
23,AphidByte
24,Purewire
25,Air2web
26,Clickfox
27,The Campus Special
28,Qcept Technologies
29,likeplum
30,Nexidia
31,Points of Light Institute
32,Snapfinger
33,Gaming Network Solutions
34,Kaneva
35,Fx Bridge
36,Oversight Systems
37,theignitionproject.com
38,Skribit
39,ThePort Network
40,Cypress Communications
41,S2R Execution Bridge
42,TerraGo Technologies
43,Looxii
44,RMI
45,ZooZ Mobile
46,Hannon Hill
47,FullStory
48,Legacy Opportunity Fund
49,The Highway Girl
50,Powerplan Consultants
51,Wandering WiFi
52,Spinue
53,Hubbard Digital
54,Emcien
55,JobTitled
56,Eggplanter
57,YBE Magazine
58,Arke Systems
59,"Ostara Capital Fund, LP"
60,Sandboxed Software
61,E&S Consulting
62,Paymentus
63,Band Metrics
64,Brightree
65,Italia Furniture
66,CardioMEMS
67,ProjectLocker
68,Force Majeure
69,Oh Snap Let's Eat
70,LogFire
71,Premier Exhibitions
72,Siftit
73,The Foresight Initiative
74,BasisCode
75,QWave Capital
76,FlightBridge
77,Spoofem.com
78,Homebase.io
79,Georgia community health
80,Exium Partners
81,Xquva
82,Soneter
83,National Instruments
84,Whole Foods Market
85,HomeAway
86,Gowalla
87,Datastax
88,TPG Capital
89,Dachis Group
90,SocialWare
91,Convio
92,Spredfast
93,Appconomy
94,"RetailMeNot, Inc."
95,Harte-Hanks
96,NetSpend
97,Square Root
98,Cubit Planning
99,BuildForge
100,Digby
101,Challenge Games
102,Solarbridge Technologies
103,Profitfuel
104,MarketZero
105,Motion Computing
106,MPOWER Mobile
107,Pluck
108,Front Gate Tickets
109,Notice Technologies
110,CSIdentity
111,Boundless Network
112,Powered
113,Vista Equity Partners
114,CTAN - Central Texas Angel Network
115,Tango Health
116,Calxeda
117,MessageOne
118,Lombardi Software
119,Invodo
120,TurnKey Vacation Rentals
121,Spawn Labs
122,LugIron Software
123,UnWired Nation
124,Savara Pharmaceuticals
125,Metreos Corporation
126,Newcomlink
127,Aspyr Media
128,All Web Leads
129,Phurnace Software
130,Zebra Imaging
131,On Networks
132,Hyper9
133,B-Side Entertainment
134,StoredIQ
135,Sailpoint Technologies
136,Launch Society
137,AlterPoint
138,Collider Media
139,FeedMagnet
140,NetQoS
141,RezOvation
142,HelioVolt
143,MONKEYmedia
144,Noesis Energy
145,ProspX
146,Quarri Technologies
147,Ascendant Technology
148,Together Mobile
149,Get Smart Content
150,Augmentix
151,United Devices
152,SKYLIST
153,Javelin Semiconductor
154,Gazzang
155,Whiteglove Health
156,S3 Matching Technologies
157,Kimbia
158,Rallyhood
159,Newgistics
160,Click Security
161,PeopleAdmin
162,Sharegate
163,Appcasher
164,Upland Software
165,SocialSmack
166,Unsubcentral
167,Affinegy
168,Actacell
169,Vigil Games
170,Nextio
171,Ortho Kinematics
172,Myturf
173,Veros Systems
174,Veribuy
175,Vital Farms
176,Open Labs
177,National Surgery Network
178,Teres Solutions
179,FameCast
180,Callvine
181,VacationRentalsForSale.com
182,Perception Software
183,Fluid Innovation Group
184,Journyx
185,Personably
186,Yan Engines
187,Streamstep
188,Skyonic
189,Rooster Teeth Productions
190,SensorTran
191,BedandBreakfast.com
192,Quaresso Software
193,nGenera Corporation
194,uStudio
195,Uvumi
196,JAM Technologies
197,Alliance Tech
198,Polsense
199,Uprizer Labs
200,Rock Ridge Games
201,Identyx
202,RevoStars
203,Texas Indie Fest
204,Tejas Securities Group 
205,CSO Research
206,Adrian World Design
207,Woodgen
208,JamKazam
209,Wisegate
210,Sante Ventures
211,First Choice Pet Care
212,AMD Ventures
213,"Wetzel Blade, Inc."
214,KiSOFT
215,302designs
216,QikCom
217,Shangby
218,Zehicle
219,Inova Labs
220,Reflex Design
221,Thoof
222,wantANDfound.com
223,Infoglide Software Corporation
224,CloudioWeb
225,Conformity
226,Boost Keychains
227,Okkem Consulting
228,Innovari
229,Alara Capital
230,Art Craft Entertainment
231,PTV Healthcare Capital
232,My Docket
233,DroidCloud
234,Green & Grow
235,Cityflag
236,Hsoi Enterprises
237,Liberate BodyWorks
238,PowerIT
239,High Brew Coffee
240,Photetica
241,Malauzai Software
242,Michael & Susan Dell Foundation
243,Drill Map
244,Peak Rock Capital
245,Black Sand Technologies
246,ZilloPay
247,TiE Austin
248,NIMBOXX
249,Surge Performance Training
250,Rapid Io
251,Rig Up
252,Snap Trends
253,HELM Boots
254,TIFFS TREATS HOLDINGS
255,Vida Capital
256,Deal Pepper
257,Yardly
258,Escalate Capital Partners
259,Lung Therapeutics
260,FireFly LED Lighting
261,Nuventix
262,Boston Consulting Group
263,Boston University
264,Sapient
265,Digitas
266,Massachusetts Institute of Technology
267,Placester
268,SapientNitro
269,Akamai Technologies
270,Brown Brothers Harriman
271,Experiment Fund
272,Houghton Mifflin Harcourt
273,Where
274,Xamarin
275,Bullhorn
276,Liberty Mutual Insurance
277,ScanScout
278,MFS Investment Management
279,Dataxu
280,PatientsLikeMe
281,Compete
282,Where Angel Fund
283,Rue La La
284,Brand Networks
285,Basho Technologies
286,BzzAgent
287,Lead Dog Ventures
288,New Balance
289,Smart Lunches
290,Sample6
291,Yamli
292,IdeaPaint
293,Viximo
294,Blueprint Medicines
295,ConnectEdu
296,AccelGolf
297,Foundation Medicine
298,Linkable Networks
299,iSkoot
300,NaviNet
301,Transatomic Power
302,Paradigm4
303,AES
304,HarbourVest Partners
305,Retroficiency
306,Tsumobi
307,Third Rock Ventures
308,Oasys Water
309,AI Exchange
310,PatientKeeper
311,Iora Health
312,International Data Group
313,Gelesis
314,VentureUp 
315,American Tower
316,Pubget
317,Gather
318,Causeway Media Partners
319,Lucidity Lights
320,Fashion Playtes
321,FirstGiving
322,ThermoCeramix
323,Fundraise.com
324,Visual IQ
325,Kaseya
326,Cignifi
327,LoopPay
328,Earth Aid
329,AisleBuyer
330,Haptic Pixels
331,Health Dialog Services
332,Raytheon BBN Technologies
333,Great Hill Partners
334,True Office
335,Dana-Farber Cancer Institute
336,Student Advantage
337,FreeCause
338,Intronis Technologies
339,Go2 Media
340,OurStage
341,ROAM Data
342,PlanetTran
343,Openair
344,FINsix
345,Leerink Swann
346,Softricity
347,Nasuni
348,Berkshire Partners
349,Fidelity Biosciences
350,Humedica
351,bytten
352,Hobnox USA
353,Full Cycle Engineering
354,Atiim 
355,Globoforce
356,Modeural
357,Shplit
358,nimbata
359,"Main Street Technologies, dab"
360,Homeplete.com
361,WhattaPlay
362,NuPlanit
363,lilipod
364,ideaLaunch
365,Ando Media
366,Hangout Industries
367,Sorry For Partying
368,Trusteer
369,Snitts
370,meQuilibrium
371,StudentUniverse
372,MDCapsule
373,Lucky 8 Solutions
374,Foreign Currency Exchange
375,ProfitBricks
376,Lariat 
377,American Well
378,SqueePlay
379,Cast
380,easyBiodata
381,Nuukster
382,LAUNCH
383,Cambridge Mobile Telematics
384,Jenzabar
385,Polyremedy
386,Boup
387,SiteSpect
388,ReputNation 
389,Third Screen Media
390,HomeMonEasy
391,Sponsr.Us
392,aQui Mobile
393,Móvil México S. de R.L.
394,ChoiceStream
395,Salesforecaster
396,Setfive Consulting
397,Borderless Brands
398,Teikametrics
399,Chasm Innovations
400,KickCircle
401,JoMI (Journal of Medical Insight)
402,AppJobs.co
403,Eaton Vance Management
404,Intraxio
405,Avidest
406,Violette Bakers
407,Synapbox
408,Qarma
409,Ziptip
410,La Nirvana
411,Valore
412,KutRoc Records
413,Masthead Venture Partners
414,Caterconcierge
415,SplitMyTaxi
416,Saleslytics
417,Instromedix
418,Meanwhile Media
419,TagItBest
420,Balliro Commerce Group
421,First Wind
422,GoForeHer!
423,EDGE Media Network
424,cognii
425,Labtiva
426,Invivo Therapeutics
427,New England Cable News
428,First Help Financial
429,Fadmatics (TwiThinks)
430,Triares
431,Crowdperks
432,EvaGen
433,Nubisa
434,homeyou
435,Fora
436,Gradison Technologies
437,TrueFan
438,Datawheel
439,NetVirta
440,Retroficiency
441,Beco
442,Lombardi & Son Masonry
443,SmartSports
444,Muttr
445,Sargent Labs
446,Island of Sales
447,Sand 9
448,Ultrarare Nutrition
449,Magru
450,Reliance Globalcom
451,MediaObjects
452,Boston Bikes
453,Bizulu
454,Terascala
455,Mystery Gift Machine
456,miWallet
457,JB Therapeutics
458,Final Bow Productions
459,908 Devices
460,TutorialTab
461,Hurlin' Mike's Automagical Whiteboard
462,SageCloud
463,Allied Minds
464,Yum Yum Pix
465,Songiva
466,Name
467,MOOODS
468,Reach Your Peak
469,GiveShop
470,Tufts University School of Medicine
471,Ring Theory
472,Zigswitch
473,OpenLab
474,Innerscope Research
475,Dweller 
476,Bright Candidate
477,Spindle Mattress
478,Friend Deals
479,Lure
480,Cambridge Select
481,Scout Exchange
482,Good Start Genetics
483,Heros Again
484,Wizgig
485,GreatPoint Energy
486,2Pager
487,FASTech
488,Vino Mendoza
489,Silverslice
490,FlexiScore® SmartMat
491,Parthenon Capital Partners
492,CEO (Complete Energy On-demand)
493,SpeedSlice
494,CloudAnswers
495,Doormen.
496,SaferCodes Vovid QR codes
497,Tagwhat
498,Lijit Networks
499,EventVue
500,Nanoly
501,Kapta
502,AdCy Biotechnologies Inc.
503,FrontDoorSoftware
504,The Phantom Empire
505,CollegePressClub
506,iNeuroskill 
507,Kickfurther
508,Mopion
509,Street Fight
510,Project Zebra
511,ReWork
512,MinuteKey
513,Stellar Air
514,Core Learning Exchange
515,SmallFoot
516,S|A|C SolAfriCon
517,CHOKEGrip
518,Comingle
519,Gearhead
520,Gaiam
521,iSplack
522,TechStars Ventures 2014
523,Zilifone
524,CrowdFund Buzz
525,Cue Ball
526,Giveo
527,TreeViver
528,Iggli
529,Bad Atlas
530,New Frontier Media
531,Divinely
532,surespot
533,Hopify
534,Standing Cloud
535,BeVisible
536,Fitter Faster
537,eGauge Systems
538,VBiometrics
539,Infield Capital
540,ProStor Systems
541,Next Giant Leap
542,Green-Aid Foundation International
543,Boulder Wind Power
544,Connected Leasing
545,Scaled Agile
546,Array BioPharma
547,"Eight For Eight, Ltd"
548,The Karma Projects 
549,PureEnergy Solutions
550,Chants Trance & Dance
551,First Funder
552,MD-IT
553,Voqal
554,Zolo Technologies
555,Clovis Oncology
556,TechPubs Global
557,Floify
558,Search to Phone
559,Greenmont Capital Partners
560,Sophono
561,CytoLogic
562,Soma Logic
563,EARTHNET
564,Primoris Energy Solutions
565,27 Perry
566,Mosaic Biosciences
567,PanTheryx
568,Encision
569,RentMonitor
570,YapTime
571,Ajubeo
572,Montis Capital
573,Roser Ventures
574,GoodBelly
575,TimZon
576,JustRight Surgical
577,VMO Systems
578,Good Times Restaurants
579,Liquid Scenarios
580,SaferCodes Vovid QR codes
581,invitation codes app referral
582,CancerIQ
583,Obama for America
584,Food Genius
585,Shiftgig
586,Cloudbot
587,FanFueled
588,Inventables
589,Every Last Morsel
590,Spotlite
591,Performics
592,KLUTCHclub
593,Morsel
594,TransUnion
595,Smarteys
596,elicit
597,W.W. Grainger
598,Zaplee
599,Cleversafe
600,BTSocial
601,Synchology: The Branded Payments Company
602,Toy Studio
603,MobManager
604,Votimo
605,tix4cause
606,SKO Learning
607,Cnicus 
608,BrokerSavant
609,PUSH Wellness
610,Raise5
611,Nano Gas Technologies
612,Manifest Digital
613,Cohesive Networks
614,Simple Mills
615,Carbonmade
616,Drink Deck Destination Guides
617,FleetMatics
618,eSentry Security
619,Benecure
620,TIP Solutions 
621,HighGround
622,WyR | What you Rave
623,Jabalong
624,fridaynitebYtes
625,PingMe
626,Apps Over Easy
627,BugPub
628,Stagecoach
629,Sphere Consulting
630,Sprout Products
631,midVentures
632,Guard Llama
633,ecycler
634,PeerRealty
635,MUMZY
636,Lihtec
637,SeatSync
638,Wyd Eye Software
639,Kurfuffl
640,Tickifieds
641,GalaDo
642,The Coop
643,WayToSettle
644,OnDerm
645,NuMat Technologies
646,SpendOut
647,Spontaneus
648,Unlike This
649,Parlano
650,Backersphere
651,Appgravity
652,ArdhiView
653,GiveBrand
654,Krucial Nutrition
655,TicketVue
656,Giftie
657,Bitnomial
658,Sin Label
659,Instant E-Training
660,Roommate
661,Yuga Games
662,Opinionlab
663,Rootaxcess
664,Objective Arts
665,Openadexchange
666,The Tie Bar
667,Fluency Mobile
668,Royal Lifestyle
669,givby
670,company
671,Slipstream Medventures
672,Turfmapp
673,ReCoup Holdings
674,Kharybdis Technologies
675,ZigaVite
676,IDEAco
677,Revelation Outreach Ministry
678,Phonevalley
679,ACTIV Financial Systems
680,Black Card Media
681,DailyGolfGrab
682,FanFound
683,Internal Consistency
684,Printavo
685,Taskflow.io
686,Datascope Analytics
687,Get Insured
688,Reelagram
689,Groupworks
690,VS Networks
691,KnowQ Solutions
692,CodiPark
693,Powerline Personal Training
694,Nobi
695,EmailVacay
696,FitHero
697,lonelybrand
698,Chicago Belt Company
699,Open Kernel Labs
700,Arminius Market Insights
701,678 Partners
702,a little bit of happiness
703,REELFINATICS 
704,Datelivery
705,Out of Pages
706,Runtime
707,Music United
708,The Law Review Publisher
709,Honor America Radio
710,MogaMind
711,"Shurpa, Inc. "
712,Janus Choice
713,Ohey
714,Liposuction and Cosmetic Surgery Inst
715,GeeYee
716,JessePinho.com
717,Conforto Consulting
718,DesiHangouts
719,Wavesence
720,Teach To Run
721,Chicago Fest
722,Model Trunk
723,nicare
724,HeadlineJuice
725,FinancesOnline.com
726,GifRun
727,NIN Ventures
728,Runway
729,Roselution
730,ifbyphone
731,Stemp Enterprises
732,MommyMaiDD Services
733,UKTAP
734,Heidrick & Struggles International
735,Chicago Press Release
736,DropShot
737,Performance-Built
738,Tribune Publishing
739,Interactive Brokers Group
740,StuffHubb
741,Whittl
742,MagicalPad
743,MaBaker
744,ScrapPays
745,Kingaroo Pouche
746,Athena Arts
747,Me+We social chatting
748,Creative Genius
749,iTurns
750,Virtuix
751,Tech.pro
752,taxa / cricket trailer
753,Social Meter 
754,DotProduct
755,Action Figure Labs
756,Archiosoft
757,"Cell Machines, Inc."
758,Little Soya
759,Schooltraq
760,Bneevige Realty Investments
761,Predixis Analytics
762,Wrkout
763,Realtyka
764,JAM Promotions
765,WearRN™
766,FestCatcher
767,DoingSales.com
768,PomegraNet Energy
769,Bibliosol
770,HelloWorld #Connect
771,Emware Emergency Systems Inc.
772,Crown Castle International
773,Prognosis Health Information Systems
774,"Timothy Smith, SFO"
775,Social Gold
776,Firm 86
777,Project Music
778,Olive Grub
779,Allied Home Warranty
780,10k Financial Corporation
781,Ashwairya Capital Partners
782,evve
783,Two Guys Bottling Company
784,RAN Steel
785,MariGold Foods
786,Additech
787,CamJak Products
788,The CapStreet Group
789,Platinum Collection Company
790,WorkSpoon
791,Phanzr.com
792,OilCM Consulting
793,Small Ventures USA
794,Shop Cheap Energy
795,Gibby's Guitar Boutique
796,Sunny Smiles
797,BidmyGlasses
798,Wow Factor Creation
799,Sarofim Fayez and Co.
800,Houston Medical Robotics
801,Sirtified 
802,BioRed
803,Settlement Goods & Design
804,Help Me Say It
805,CyrusOne
806,Murphree Venture Partners
807,GDF SUEZ Energy North America
808,SmartVault
809,Bright Water Bottle
810,WhiteFence
811,DiveAdventuresAsia 
812,Exhilway Global
813,Search For Energy
814,RuleEm
815,HireInfluence
816,Cruse Environmental Technology
817,ApoCell
818,Nanospectra Biosciences
819,Petro Logistics
820,Dowley Security Systems
821,"Houston Court Services, Inc."
822,Empyrean Benefit Solutions
823,Aggredyne
824,Matatena Games
825,Dreampod
826,TagosGreen Business Community
827,Banksnob
828,RedFlag Software
829,DeepFlex
830,ipDatatel
831,Tideland Signal
832,Equus Capital
833,Sternhill Partners
834,Moleculin
835,U.S. Fiduciary
836,SuperOx Wastewater Co
837,LaserGen
838,Horizon Wind Energy
839,ThromboVision
840,Kid Care Years
841,Growth Capital Fund
842,NGP Capital Resources Company
843,Stratopy
844,Cormedics
845,DuckHook Media
846,PAA Natural Gas Storage
847,Alpheus Communications
848,Rampart Capital
849,Texas Energy Network
850,BIO-PATH HOLDINGS
851,SocialF5
852,National Space Biomedical Research Institute
853,American Electric Technologies
854,Distribution International
855,Opexa Therapeutics
856,Zahroof Valves
857,Behavioral Recognition Systems
858,White Deer Energy
859,Canyon Midstream Partners
860,Natural Resource Partners
861,Recapture Solutions
862,Genufood Energy Enzymes
863,Wellogix
864,Visible Glass
865,PLx Pharma
866,Advanced Life Wellness Institute
867,Create Texas
868,Bensata
869,Supply Chain Connect
870,Nowell Development
871,SaferCodes Vovid QR codes
872,Cheers
873,Tonx (Acquired: Blue Bottle Coffee)
874,FormaFina
875,Klutch
876,Scopely
877,HONK
878,Demand Media
879,Lifecrowd
880,Revenue.com
881,RecordSetter
882,DSTLD 
883,Modnique
884,My Fashion Database
885,Codeity
886,BioBeats
887,FIGS
888,Styku
889,Urbita
890,rundavoo
891,Enlightened Lifestyle 
892,5plus
893,Cojoin
894,Bringhub
895,Battlefy
896,Brandboom
897,Wedge Buster
898,InstaBrand
899,FanBread
900,msPad
901,AIO Robotics
902,Ticketmob
903,Swagger
904,ItsYourVet
905,Outlisten
906,Ghost Media
907,PictureHealing
908,io/LA
909,TigerText
910,Edmunds.com
911,Revolution Prep
912,Break Media
913,140Fire.com
914,Blacklots
915,Pasadena Angels
916,VuePlus
917,That's Suspicious Behavior
918,Tsavo Media
919,Gravity
920,DAQRI
921,Peoples Republic of Noise
922,PAX - Personal Airline Exchange
923,EverySignal
924,Balance Street
925,NuORDER
926,Trolion
927,Chiizu
928,Synkio
929,Rent.com
930,MoreBoats
931,POP-AUT [popaut]
932,Sidevision
933,DanceOn
934,DocuHome
935,Twigtale
936,PrivacyCentral
937,YoShirt
938,Friday5
939,Avenue K
940,Advanced AI Systems
941,Five Delta
942,theAudience
943,CastSheet
944,Wordinaire
945,Spot Runner
946,ReviewInc
947,Vessix 
948,Danceamatic
949,2ndMe
950,Seek Retreat
951,Rebel Coast Winery
952,StationDigital
953,Cuteness.com
954,Rondezvoo
955,Popcorn Messaging
956,False Front Interactive
957,Steel Fashion
958,IHB
959,App in the Air
960,BeautyCon 
961,Social Rebate 
962,Let
963,Heluna
964,7Touch Group Inc.
965,Digital Insight
966,The Search Agency
967,BeGrouped
968,WikiRealty
969,inPlay
970,Fancloud
971,Jabbersmack
972,Global Multimedia Systems
973,iolite
974,Urban Asian
975,stone + cloth
976,Summit Entertainment
977,One Bunch
978,justhearit
979,Two Bit Circus
980,cannamed
981,140Fire
982,Bettween
983,360Candidate
984,Telzio
985,Engage Play Technologies
986,Jefferson Ventures (Fund)
987,Hyginex
988,Fitness Massive 
989,Indie Film Depot
990,GoMobile Innovations
991,Good Food
992,Noble Digital
993,Fake Crow
994,Once Upon A Line
995,Magnetic Magazine
996,Live Fast Mag
997,GLTYR
998,yGGLE
999,H1 Talent
1000,Wildfyre
1001,Kumu Wellness
1002,POCHO
1003,Kaado
1004,Tourdat.es
1005,Lyra : Sold
1006,Urban Icon
1007,Opposing Views
1008,Live Matrix
1009,Evolve Media Corp
1010,ThinDish
1011,Red Movie House
1012,American Residential Appraisers
1013,Fitosis
1014,Sprokk
1015,Group 47
1016,Modamily
1017,Subbly
1018,Evrybit
1019,DebateHall
1020,Muslim Ad Network
1021,Carbidtech
1022,Flektor
1023,InAuth
1024,Sexy and Sober Singles
1025,The Collective
1026,Doctor M Media
1027,SEO Seminar Los Angeles
1028,DropKey
1029,INFLITE
1030,Zuum 
1031,Weget Music
1032,Hunt and Gather
1033, Lovvvit
1034,giantHello.com
1035,Amonix
1036,Answerbag
1037,Attention Span Media
1038,Motorator
1039,HangPay
1040,Tutorall
1041,Overthrow Robotics
1042,Innovation and Choice
1043,Your Magazine
1044,Vie Active
1045,ItsGoinOn
1046,CrowdGather 
1047,Moxie Games 
1048,AdScience
1049,Overbrook Entertainment
1050,Worlize
1051,Headquarters Studios
1052,Tube Coupon
1053,Stem Cell Bra
1054,"gotokki, Inc."
1055,UareYou
1056,RBB
1057,DigiContractor Corporation
1058,Nestdrop
1059,my Simple Circle
1060,Mooch
1061,Tiltify
1062,OVGuide
1063,LeagueHeads
1064,Volante Group Liquiceuticals
1065,Point Of View Pool Media
1066,The ímagíne Company
1067,"Vyu, Inc."
1068,Elegant Celebrity
1069,moShare
1070,Savvient
1071,Luxoflux
1072,NetDNA
1073,Foresight Legal
1074,Hostile Shores
1075,Activyst
1076,Topwick
1077,Digital Sputnik
1078,Prana Studios
1079,FashionFinder
1080,Union
1081,Handmade Mobile
1082,SHAMPOO
1083,Behappy.me
1084,Onebox
1085,SmartPhone Surgeons
1086,Language Weaver
1087,Flavor Connect
1088,Your Office Agent
1089,TogaMan Guitars
1090,LA Tech Rise
1091,Chin and Cheeks
1092,CollegeMediaTV
1093,MoneyBlitz.tv
1094,Yoinme
1095,ShopLately
1096,Electronic Settlements
1097,fakE.
1098,STEADY ON
1099,Odin's Hammer
1100,We Be Fans
1101,SynapZap
1102,MYXR
1103,Bravoflix
1104,EZC Pak
1105,Williams Design Group
1106,i.am.her Collective
1107,Turn Up Productions
1108,DCS eMAP
1109,Abraxis BioScience
1110,Don't Blink Design
1111,Spark SC
1112,Kosha
1113,Kera Investments 
1114,Assemble
1115,Criterion Law Group
1116,AlertifyMe
1117,Estella Grace Home Brand
1118,Boardbrokers Inc.
1119,ShootOff.net
1120,"Talentscool, Inc."
1121,Limitlesslane
1122,Propel CRM
1123,TOYZ2U
1124,HOUSE OF ROYÁLE-Fashion Philanthropy 
1125,Active Storage
1126,TreatFeed
1127,Mention Mobile
1128,Dauxjo
1129,XCast Labs
1130,Uncouth Media
1131,Subtextual
1132,SwoopOff
1133,Wrenchguy's Mobile 
1134,AMRA Pictures Entertainment (APE)
1135,Komershal
1136,Music Launch Pad
1137,EuroTech 7000 
1138,Ocean
1139,The Springs
1140,Grow Plumbing 
1141,WhoTeaches
1142,wherew/who
1143,TechWarriorz
1144,Solis Tek Inc.
1145,Barrikida
1146,INTLY
1147,MedusaVFX  - Medusa Visual Effects
1148,MediaSignage 
1149,NailSnaps
1150,Saban Brands
1151,Haptuit
1152,Psychit
1153,BeautyFriend
1154,Truespan - Start Up Building Chips for Mobile Tv
1155,CloudKeyz
1156,The Branstetter Group 
1157,Clever Crows
1158,Kangarootime
1159,eMediafund
1160,Balance Street
1161,MugPub
1162,PassengerLinks
1163,Beyond 84 Entertainment
1164,Game Night Media
1165,The Thinkers Group
1166,PayYourRent
1167,Kaloud
1168,Topcone
1169,Red Candle Films
1170,Coalition Technologies
1171,Union of House
1172,Mr. Checkpoint
1173,Peekaboo Road - Where Dogs Talk
1174,Menta
1175,Merchant Bidding
1176,InkaBinka
1177,GradRocket
1178,softsoft
1179,Beat Share
1180,Moptwo
1181,Real Friends
1182,Uber Awesome
1183,ParIntelligence 
1184,Creatives
1185,eBlizz Inc.
1186,ZexSports.com
1187,G-NET
1188,(mt) Media Temple
1189,SchoolRack
1190,Placely
1191,10Floors
1192,Facechipz.com
1193,Ripple
1194,Unbound Book
1195,TripUp
1196,Trustworthy
1197,nuclear family films
1198,Go-Up
1199,California Real Estate Partners
1200,Hot Rod Cameras
1201,thisOutfit
1202,Enlite Technology
1203,Capital Ideas Advertising
1204,MIrror Films
1205,Radical Studios
1206,JEM Community Center
1207,iSideWith
1208,The Message Safe
1209,sysu
1210,Jay Hawke Erotic Photography
1211,A Plus Notes
1212,Sabina Fashion and Lifestyle
1213,iBesties: Middle School Moguls
1214,Mbarqgo
1215,39 South Productions
1216,Los Angeles Stock Exchange
1217,DealBird
1218,CM Events
1219,NP2k Films
1220,JenniferBuysHouses
1221,Word of Mouth Women
1222,Cyrano
1223,Beet Bomb
1224,COR Advisors
1225,Wooshade Caps Inc.
1226,PSD to HTML Five
1227,The Hollywood Shuffle
1228,Growth Legal Ventures P.C.
1229,VFX2
1230,Truth Studios
1231,Blk Crown Division
1232,Collective Lifestyle
1233,Find1Friend.com
1234,Neutrablue
1235,SafeDIGZ
1236,Viva
1237,Fox Sports Interactive Media
1238,nuvoTV
1239,Levine Leichtman Capital Partners
1240,Monthly Motors 
1241,Privy.net
1242,SEOmator
1243,iMagination Beach
1244,Breitbart News Network
1245,"eRead Technologies, Inc."
1246,Quantum Theory
1247,The LUXE Fund
1248,kkorus
1249,Karbonshark
1250,Realeyez Apparel
1251,WeAreLATech
1252,Straight 
1253,ApplyQ
1254,Red Blue Media
1255,Cloud Cover Music
1256,Alt Tab
1257,Nexleaf Analytics
1258,Spectrasensors
1259,Looksee
1260,Glactica™
1261,IJudge
1262,Mr. Wisdom Specialty Health Food Store
1263,Veteri
1264,Source Audio
1265,Quant the News
1266,TeamTweet
1267,Core Group
1268,MGC Digital
1269,Hello . . . 
1270,MediaPassâ„¢
1271,Del Williams Media
1272,Pushplug
1273,Voltaire Holdings
1274,TruantToday
1275,4therapy Network
1276,The Locals
1277,Joe's auto glass repair
1278,promote me now
1279,ktgfashionhouse
1280,The Smoking Tire
1281,icpractice
1282,Create:Fixate
1283,NX Pharmagen Technologies
1284,Streamline Results
1285,Bold Collective
1286,music2work2
1287,The Market 4 You
1288,Paper Cow
1289,2talk U.S.
1290,VEXTit
1291,StartupToolShop
1292,One Squared Management
1293,The Club
1294,Super1003
1295,App-sense
1296,Tweenery
1297,Travel Manifesto
1298,Sealight Enterprises
1299,ScenePast
1300,Blue Square Technologies
1301,Electric Sloth
1302,A2zdeals
1303,000
1304,USC Spark!
1305,Long Term Memories
1306,GPI Content Corporation
1307,The Tornante Company
1308,L.G.B.T PROTECTORS (Ass Lovers Delight)
1309,Innoppl
1310,Herbalmax Inc.
1311,Fitposter 
1312,easydeck
1313,WeMojis
1314,Geniscent
1315,The Unlimited Entertainment 
1316,Elevator Labs
1317,Maker | Things
1318,KrownKastle
1319,Marlin Equity Partners
1320,Immunex
1321,Parrish Reporting
1322,ZuZoo Shoe
1323,IDverge
1324,Tedshots
1325,HoundSports
1326,Jelly Mint
1327,ThemBid
1328,TRAIBL
1329,Lagovent Ventures Group
1330,CrownPeak 
1331,King World Productions
1332,ziptango
1333,Manatt Digital Media
1334,DomainSponsor
1335,Design Digital
1336,Neurons Art and Technology
1337,Core VC
1338,"Dr. Kelly Hong, DDS"
1339,Audograph
1340,Tech Groupie
1341,Galerie Michael
1342,Hydrogen Ventures
1343,Elements Behavioral Health
1344,FANSEE
1345,FreeHOA
1346,Chacy
1347,Tom Jonathan
1348,Miraco Technologies 
1349,Lao Entertainment Network
1350,Econegy
1351,Web Design Refresh
1352,naihtieK Works
1353,"Jeffrey Hoefflin, MD, FACS"
1354,LA Street Art Gallery
1355,West Coast Wake Plaza
1356,Liftag Sport
1357,DA & JK
1358,Mouth
1359,Goldman Sachs
1360,Plated
1361,CourseHorse
1362,MileWise
1363,Senior Reports
1364,Sverve
1365,Fancy
1366,Hotlist
1367,InfluxDB
1368,DailyWorth
1369,Smallknot
1370,Voyat
1371,Keepskor
1372,Parse.ly
1373,Catchpoint Systems
1374,The Fetch
1375,Matter.io
1376,Reonomy
1377,Charitable Checkout
1378,GoChime
1379,Sand Hill East
1380,RocketHub
1381,Clickslide
1382,Design With Benefits
1383,Lookcraft
1384,Fiestah (DreamIt 2014)
1385,Inovance
1386,Ordrx (fka Ordr.in)
1387,Bitly
1388,MATERIAL WRLD
1389,Cosmic Cart
1390,SumZero
1391,Dibsie
1392,AdhereTech
1393,Unified
1394,TheLadders
1395,SEVENROOMS
1396,Roboinvest
1397,Banc of America Securities
1398,photogether
1399,McGraw-Hill Companies
1400,SellerCrowd
1401,MedStartr
1402,OLX
1403,New York Life Insurance Company 
1404,Architizer
1405,Manicube
1406,Pictorious
1407,Wildcard
1408,The Huffington Post
1409,Consignd (ERA W'13)
1410,WhoSay
1411,Comverse Technology
1412,HealthKeep
1413,Audicus
1414,BetterCloud
1415,Culinary Agents
1416,ItsPlatonic
1417,BeautyBooked
1418,ALICE
1419,KarmaBox
1420,AnswerQi
1421,For the Makers
1422,English360
1423,Rolling.FM
1424,work|i|o
1425,10gen
1426,Rizm
1427,Openfolio
1428,Bug Labs
1429,PlusScrn
1430,Bluum
1431,Cuurio
1432,Dashbid
1433,wonderMode
1434,CoheroHealth
1435,BrickHouse Security
1436,Beauteeze
1437,Careerosity
1438,itBit
1439,Insensi
1440,Nomad Financial
1441,Teemd
1442,Moda Operandi
1443,panelAd
1444,Paperless Post
1445,Pitch Me
1446,Savile Row Society
1447,StrongArm Technologies
1448,Loosecubes
1449,ClickandSend
1450,Reality Crowd TV Media Corp.
1451,Keep.com
1452,Petflow
1453,Vook
1454,BringMeThat
1455,Opentopic
1456,Traders Circle
1457,Wallflowerme
1458,Oberon Media
1459,Levo League
1460,Renegade Tool Company
1461,Sequential Media
1462,Instigate
1463,Torsh (Today's One Room School House)
1464,"Jastr, Inc."
1465,Patient Communicator
1466,Crowdnetic
1467,Thumbplay
1468,Mode De Faire
1469,Outside.in
1470,Appetite+
1471,Crowdstream (acquired by RadioIO)
1472,HyperPublic
1473,Dating For A Cause
1474,SmileBack
1475,XGraph
1476,CogniFit
1477,Repairogen
1478,BetaBait
1479,MyBeanJar
1480,Joost
1481,FL3UR
1482,QuickMVP
1483,Kahnoodle
1484,VaynerApps
1485,TeachersPayTeachers
1486,"Trello, Inc. "
1487,Synthesio
1488,Mimeo
1489,PASSO
1490,Deliverish
1491,Ridley
1492,REAL COSMETICS
1493,MessageParty
1494,Fitterep
1495,Suddenlee
1496,Parcel
1497,Muserk
1498,treadalong
1499,Connect2Rentals
1500,CareerSonar
1501,Ipreo
1502,FoodtoEat
1503,Avbl
1504,Truman James
1505,Demdex
1506,BlogDash
1507,Books That Grow
1508,EZ-Nite
1509,Aggregift
1510,INDMUSIC
1511,Vive
1512,IMGembed
1513,The Pixel Revolt
1514,NY Tech Day
1515,BotBy.Me
1516,Applico
1517,JD Stop
1518,Everything Butt Art
1519,ReadThisNext
1520,Yackit
1521,Canal
1522,Mousse Partners
1523,WorkoutLabs
1524,dyli
1525,Busy
1526,Intelligize
1527,FreshBeacon
1528,The Techno Tourist
1529,Ensa
1530,Ballooning Nest Eggs
1531,Emrals
1532,Project Eve
1533,Rental Engine
1534,eXelate
1535,BountyJobs
1536,OrganizedWisdom
1537,Reachably
1538,PEX Card
1539,Readability
1540,Venturous LLC
1541,Method Mill
1542,The News Funnel
1543,mYusic
1544,SRD Vision
1545,My Fave Places
1546,Digital Strategy Partners
1547,Buellr
1548,Activibe
1549,NerdyData
1550,GroundLink
1551,Linkstorm
1552,SelectMinds
1553,Hyre
1554,Beachouse Media & Entertainment
1555,Chainge Capital
1556,NYCwireless
1557,Rekordr
1558,Aragorn Technologies
1559,Nov8rix
1560,SponsorPitch
1561,ShopToko
1562,Vaultive
1563,Laugh-Track
1564,Fashion Boot Camp 101
1565,Spotster
1566,Kindrid 
1567,Canvita
1568,Le Book Publishing
1569,RUKUS
1570,Fantasy Buzzer
1571,TRAFFIQ
1572,talktala:_
1573,Unigo
1574,Location Star
1575,United Commerce Solutions
1576,Adspace Networks
1577,Fancy Hands
1578,ResponsiveAds
1579,Gain Capital
1580,Grade Spotter
1581,Truveris
1582,1-800-FLOWERS.COM
1583,SceneNearMe
1584,Revel Partners
1585,RUN > 
1586,Here Is How (ACQUI-HIRED by @policymic)
1587,LavaMap
1588,Pathfinder App
1589,inMedia
1590,SLP
1591,Nerve
1592,Pando Networks
1593,Murmur
1594,Cambridge University Press
1595,FRIENDS with BENEFITS
1596,Shindig
1597,Frederator Networks
1598,"Chartos, Inc."
1599,Quovo
1600,Cellufun
1601,Inartmedia
1602,Tracx
1603,EZBZ
1604,Familybuilder
1605,Myne.com
1606,Visible World
1607,Pipture
1608,HealthiNation
1609,GoCrossCampus
1610,Peacock Equity Fund
1611,Pluto On The Beat
1612,Neat Weddings
1613,Reschedge
1614,Sibyl Vision
1615,Qwanz 
1616,6S Marketing
1617,AppSense
1618,Kipinhall
1619,Soxxy
1620,The Infatuation
1621,Adtuitive
1622,GuessMyStartup
1623,GridApp Systems
1624,Health Guru
1625,RentAStudent
1626,Tracked.com
1627,Constructivist Toolkit
1628,TraceWav
1629,Pure Energy Partners
1630,MeetMoi
1631,JustDecide
1632,Note
1633,Thingl
1634,Unite.Do.Live
1635,Fetch Club
1636,Readingly
1637,Jobstr
1638,DomainPost
1639,B-Reel Products
1640,NightHub
1641,Hackers Of
1642,MedPilot Inc. 
1643,gimme
1644,The Pitch
1645,Workebb
1646,Kobalt Music Group
1647,Joios
1648,Headhuntable
1649,ThroughPuter
1650,TrashX
1651,Mktg
1652,Wee Web
1653,The Royal Palms Shuffleboard Club
1654,Devi's Closet 
1655,BusNear.me
1656,BumpUp
1657,NiteEvo
1658,Brooklyn Films
1659,Envoy
1660,Konfect
1661,Urbful
1662,Stature Suiting
1663,Cloe
1664,Booze Carriage 
1665,Aponia Data
1666,Teckst
1667,WireImage
1668,BigTwist
1669,Wanted Technologies
1670,Plastyc
1671,Urgent Career
1672,Chad D
1673,IdeaRocket
1674,The FCPA Database
1675,Rippleffekt
1676,The Newsmarket
1677,BuyerFirst
1678,Playmatics
1679,Buscan2
1680,Milled
1681,MyBillRegistry
1682,Uncover
1683,Unbiasly
1684,glocal
1685,"Power Light and Sound Company, Inc."
1686,Dasher
1687,Brandibble
1688,Promoxity
1689,Portero
1690,Transparent Billing
1691,The Media Kitchen
1692,HiphopDNA
1693,Healogica
1694,HOOP BOOM
1695,WeShop
1696,Nuxeo
1697,Tom's Apps
1698,"Cortica, Ltd."
1699,TigerTag
1700,Washington Roberts
1701,Q4
1702,Renaissance Technologies
1703,Plough Penny Partners
1704,PushProgress
1705,It's About Time
1706,Popdust
1707,Misys Summit
1708,LifeGunk 
1709,WinrMob
1710,mobAVE
1711,NYTechWomen
1712,Quble
1713,Vanilla
1714,Happy Little Tots
1715,Reservoir Capital Group
1716,InnerCircle
1717,GLocker 
1718,Captivix
1719,Cerco Homes
1720,UltraLinq Healthcare Solutions
1721,Fighting4aCause
1722,WorldWize
1723,Refresh Body LLC
1724,Maison MRKT
1725,Rose Tech Ventures
1726,Cloak
1727,Yaye
1728,FEED THE FIRE
1729,Livekick
1730,Aristotle Circle
1731,Cross Pixel Media
1732,Traiana
1733,Jingle Networks
1734,Histoire
1735,eClothier
1736,Tripology
1737,OpenAction
1738,TripShare
1739,Take-Two Interactive Software
1740,Social Median
1741,Callision Connect
1742,Vision Capital Advisors (NYC)
1743,Valentino Beauty Pure
1744,Centurion Holdings
1745,MetroGuest
1746,Confidential
1747,Klroy
1748,Artnod
1749,Dealwaggers
1750,Salesmoto
1751,RentAGizmo
1752,Hireset
1753,Listly
1754,StartupsNY
1755,Dopamine Inc.
1756,"Philliou Partners, LLC"
1757,MontLee Productions
1758,Chic Sugars
1759,Sentiment360
1760,Efficient Dental Market Systems
1761,gradhub
1762,Denarri
1763,De-Duplication
1764,Derivee Capital Advisors
1765,Old Greenwich Capital Partners
1766,Rent4Me
1767,Perfblogger
1768,NYEBN
1769,ProjectArmy
1770,Encore Dev Labs LLC
1771,"Independent, Like Our Founding Fathers"
1772,Cranial Cradle Crib Mattress Collection
1773,Exact Media
1774,QNY Creative
1775,Develop Link
1776,yourMD
1777,DreamItReel
1778,Yoostar
1779,Pic Spree
1780,Zeenery
1781,Kroll Bond Rating Agency
1782,Emprivo
1783,Brand Value Advisors
1784,LocalSingles
1785,Email Data Source
1786,Gameifesto
1787,MYDISCOUNTHOMES 
1788,FSAStore.com
1789,Spectrum
1790,Econofy
1791,Sound Check Digital
1792,The Birdy
1793,Kwalla
1794,UnionSquare Labs
1795,melbourne wedding receptions
1796,Iwazeer
1797,Angel Delivery
1798,SHEFINDS MEDIA
1799,MerchantPost
1800,Captivate Network
1801,Caffeine
1802,vacant
1803,Micronet
1804,Resolution Photo Fund
1805,Health Enterprise Partners
1806,avVenta
1807,"The Experience Ticket, Inc."
1808,GamedayTV
1809,Beds for Bands
1810,Declaration
1811,BytedBy
1812,DRESS FOR THE DAY 
1813,MyFreeConcert
1814,Diva For Less
1815,Yooka
1816,GRAY MATTER
1817,Lukly
1818,SearchFreelanceJobs
1819,The EyeBook
1820,MilkMade Ice Cream
1821,BrainTracer
1822,OnSpark
1823,Meagan Cignoli
1824,CourseWorld
1825,Stealthy Startups
1826,Uprise Ventures
1827,Hydor Tea
1828,Divi
1829,RedTapeX
1830,Northstar Provisions
1831,CareerTu
1832,Youshoot
1833,Inlooh
1834,Six Dimensions
1835,WEbook
1836,Dream World
1837,Article One Partners
1838,SomethingStorageSystem
1839,Crispy Gamer
1840,Contrafect
1841,DNA Ratings
1842,EVERYDAYGUY
1843,Instablogs
1844,Jingle Punks Music
1845,Wordolia
1846,Hitwise
1847,iTRONYC
1848,Jake Frey Design | NeoCover
1849,Loginaut
1850,Solutions By Us
1851,Enigmatter
1852,MadProps
1853,nowUmatter
1854,SeamlessTL
1855,FlyNY
1856,AlpInvest Partners
1857,Syndicate Media Group
1858,Auto Transport Ranking
1859,A Great Big City
1860,Syntelex
1861,Let's Go Home
1862,Resonant
1863,BizBash Media
1864,Skyocean International Trading 
1865,Highbridge/Constellation Ventures
1866,SoTechie Spaces
1867,BP Vance Real Estate
1868,abchome.com
1869,kyoupd
1870,InformaTrip
1871,Club Millionaires International
1872,Urban Confidence
1873,Cordwainers NYC
1874,F Link Platforms
1875,Adventurable Entertainment Network
1876,Script Manual
1877,Infinifest
1878,S.I.N.N (sellitnowny)
1879,Cashpundit Inc
1880,4 to go
1881,SpeakerFace LLC 
1882,Preferred Return
1883,New Mountain Capital
1884,Convead
1885,medX
1886,GetSnippy
1887,Fill My Blank
1888,YouFantasySports
1889,Blitz
1890,F & W Consulting
1891,Top Image Systems
1892,BayesianWitch
1893,MDHuddle
1894,Ingress Capital
1895,Helios Group Inc.
1896,DialogMD
1897,Musallah
1898,Room Visit
1899,LunchPath
1900,Waywire Networks
1901,Squarevibe Inc.
1902,LiiiiKE Shopping
1903,Push It - Simple Messaging
1904,Social Data Collective
1905,Shift Forex
1906,InspireInYou
1907,Hack Pack
1908,ContentMode Magazine and Digital Media 
1909,Health Guru Media
1910,Brand Tap
1911,Millennium MusicMedia
1912,Original Sin Hard Cider
1913,Mama411 
1914,Kizbit Enterprises
1915,Sam's Clan
1916,Tastequesting
1917,"MicroEdge, a Vista Equity Partners Company"
1918,Moglue
1919,Bootstrap Software
1920,Classic Car Club
1921,Skimling
1922,Bonds.com
1923,Dee's Virtual Services
1924,ShoeToot
1925,Roomster
1926,XXX
1927,FollowThis
1928,BigPlatform
1929,Kooplu
1930,Hearticle
1931,cre8te
1932,AppLaunch
1933, Carlton Hobbs Antiques
1934,Derivix
1935,Thumb Labs
1936,CollegeXclusive
1937,PCCare247
1938,AnythingfromAmerica
1939,TapMedia
1940,MonkeyBananaRaffle
1941,Lightscape
1942,Name Redacted Technologies
1943,Time-Peace
1944,Be Your Greatest Self
1945,Kickstreams
1946,"Chris Limbrick Studios, LLC"
1947,Liz & Ett
1948,Glabex.com
1949,Cogzidel Technologies
1950,Organicaffe
1951,Dunkin Donuts Baskin Robbins Long Island
1952,MADEO
1953,Option4
1954,New Opportunities through Writing
1955,Impact Venture Partners
1956,Chello
1957,Pockets Change
1958,Mariko
1959,Icon Investments
1960,PERFECT FORM
1961,WayCount
1962,Tribrio
1963,Streaker Sports
1964,Tilting Point
1965,Triumps
1966,Stonehill Educational Consultants
1967,Pixies iPhone App
1968,GiftHawk
1969,"Thanks, Bro"
1970,LeTaoUSA
1971,Stappler
1972,NYLA By Scott Inc.
1973,Lawlternate
1974,Throwdown
1975,AA Design NYC LLC
1976,TwoStrap
1977,Extricom
1978,Redcape Investments
1979,The Imprintery
1980,Andrew Kaz
1981,Quipbook.com
1982,Ultra
1983,Matador
1984,The Carib Shack
1985,Shadow
1986,Coin Sachs
1987,New Business & Brand Strategy Consultant
1988,FlyFeel
1989,BeauGen 
1990,We Are Visual Animals
1991,CitiVegan
1992,Soldi app
1993,Sterling Infosystems
1994,Brazilian Pro
1995,Pfizer Venture Investments
1996,Tone
1997,WhyDidX
1998,Rapidsoft Technologies
1999,BusinessBlocks
2000,Incorporated Protections
2001,Tous Crepes
2002,FRM Study Course
2003,Professional Speakers Federation
2004,Paulette Sherman Group 
2005,PriceRide
2006,AnonymAsk
2007,S/B Factory New York
2008,YOGASMOGA
2009,Kadmon
2010,AIG Highstar Capital
2011,Owsnap
2012,NYVC Sports
2013,Dow Jones & Co.
2014,Paycial
2015,DecoContempo
2016,DJ's Corner
2017,Averity
2018,"Advanced Neural Metrics, Inc."
2019,GutMojo
2020,Charitable.org
2021,MyDailyThread
2022,Hypokrit Theatre Company LLC
2023,How to be a Redhead 
2024,Techlabs 
2025,Footprint
2026,Legen Jewelry Studio Inc
2027,Sharestates
2028,Urble
2029,KeepUpdated
2030,db avant garde
2031,Zoimo
2032,Taskdoer
2033,Tracer Capital Management
2034,Chase Capital Partners
2035,johny beat
2036,Bytemark
2037,Twimera
2038,WHObyYOU
2039,MartaMall
2040,A+E Networks
2041,Hawoof
2042,Slyva
2043,Vocobook
2044,Easy Life
2045,Clouds
2046,DealFlow Media
2047,Project 2020
2048,Collegebound Airlines
2049,Extra Edge Training
2050,Epicenter Consulting
2051,Hamilton Investment Partners
2052,Shopsies
2053,Free Bread
2054,abc
2055,RankPage
2056,atristmash.com
2057,FERALD
2058,Exentriq1
2059,SendNFix
2060,SocialMediaAge.com
2061,We Are Hunters
2062,Fly Invoice
2063,VoiceCount Surgical
2064,Lord Midas
2065,Whizkidz Consultants
2066,Sweet Submarine
2067,Digital Surrogate Corp
2068,MMappSoft
2069,Backlash Solutions
2070,XYZ Computing
2071,Three Knights Capital
2072,Something Wonderful
2073,Simplex Software Development
2074,Lansky's Food & Beverage Corporation
2075,buzzCab
2076,Mighty Mite Dog Gear
2077,Real E-Stats
2078,She She Kouture Clothing and Accessories
2079,Fluttr
2080,larlusa
2081,Allure Plastic Surgery
2082,Retail Stealth Startup
2083,Nonna's L.E.S. Pizzeria
2084,SkinnybyTara
2085,Romanoff S.A
2086,NYMusic:Tech Meetup
2087,"Minors II Major Productions, Inc."
2088,Curations Limited
2089,Urban Motion
2090,Tattoo Crowd
2091,Impulsify
2092,Google Apps Security
2093,EcoTrash
2094,Vounter
2095,Shooloo Inc.
2096,Spok Global
2097,Sly And Swift
2098,LawVisors
2099,everyonetobuy
2100,UPLO LLC
2101,Spiralfrog
2102,Pink Wisdom
2103,No Name Yet
2104,Joe Doucet Studio
2105,The Briar Foundation
2106,as one
2107,Kiss Me Deadly Rock Opera by trickedEVE
2108,Pulpweave
2109,Jeffrey Hamburg
2110,Etanzanite Shop
2111,Escalate
2112,Silurgy
2113,Tunespotter
2114,Wireless Television Group
2115,Digital 7 Music Group
2116,Tomboy Shop
2117,Gefinor Capital
2118,Aisling Capital
2119,Clutter Media LTD
2120,Appliances Connection
2121,Online Armodafinil at buystrip
2122,Mediaverse
2123,RecoveryTools
2124, Uncle Sam's New York Tours
2125,cheap-laptop-batteries.net
2126,TraderTools Inc.
2127,WFD Ventures
2128,Capital New York
2129,Fast Society
2130,Decima Ventures
2131,Needham Capital Partners
2132,Kanvas Labs
2133,KnowledgeWoods Consulting
2134,Monoclu
2135,Wummelbox
2136,UGO Entertainment
2137,AHAlife.com
2138,3W Experience
2139,MK8
2140,Accelerant Capital Partners
2141,Catalyst Investors
2142,MediaFuse
2143,ProCure Treatment Centers
2144,Altpoint Capital Partners
2145,TZP Group
2146,NewWorld Capital Group
2147,eCyberMedia Inc.
2148,Digital Entertainment Ventures (DEV)
2149,Valor Capital Group
2150,BrandCont
2151,AsoboGo
2152,Kiboo.com
2153,Vault Travel
2154,Ferric Semiconductor
2155,Blackaeon International
2156,Ergomorphis
2157,paymio
2158,Poolami
2159,WebVet
2160,4 PLAY
2161,Plum Law Jobs
2162,Broadfin Capital
2163,MGOODTECH INC
2164,ExlService Holdings
2165,Scientific Media
2166,Welsh Carson Anderson & Stowe
2167,Ezytire
2168,PS DEPT.
2169,Quadrangle Group
2170,The House Designers
2171,ZIOPHARM Oncology
2172,PanAfrican Investment Co.
2173,Direct Message Lab
2174,explorequotes
2175,Tinicum Capital Partners II
2176,SetDR.ORG
2177,Flicstart
2178,Motistic
2179,Machine Elf Consulting and Development
2180,ASPHostPortal.com
2181,Silence Pact
2182,WaWaPoP
2183,SureViagra
2184,Personal Dating Assistants
2185,Elevatr
2186,V Revolution 
2187,ecom-offshorepayments
2188,mycompany
2189,Alpinely
2190,EZTaxPros LLC
2191,"AcceleWeb, Inc."
2192,AKSI LT
2193,MuniMeter.com
2194,HEB Holding International
2195,TopFitnessApps.com
2196,Vertical Disruption Labs
2197,PerformLine
2198,Waves
2199,pro-imaj
2200,wowoeat Inc
2201,Stream Alliance International
2202,Vanish
2203,F.N.U.E Jewelry
2204,Kidron
2205,littlemore
2206,Clayton Dubilier & Rice
2207,Hudson Education Group
2208,New York Legends
2209,RecomHub
2210,LawVisors
2211,ChoisiMode
2212,Cap-Meridian Ventures
2213,MidOcean Partners
2214,Data Driven Delivery System
2215,NGN Capital
2216,Vivaldi Biosciences
2217,BreakTheCrates.com
2218,Cross Atlantic Partners
2219,InnFocus
2220,ClearBridge Investments
2221,Hudson Bay Capital Management
2222,Hudson Ferry Capital
2223,W Capital Partners
2224,BrandFiesta
2225,WiNetworks
2226,PerSay
2227,DocumentCloud
2228,1000museums.com
2229,YouTube Web Academy 
2230,Perceptive Advisors
2231,J.P. Morgan Partners
2232,Acacia Interactive
2233,Arcus Ventures
2234,Daring Journey Ventures
2235,New Science Ventures
2236,Ramius Advisors
2237,Athyrium Capital Management
2238,Hanger Network In-Home Media
2239,4 PLAY
2240,easy2comply (Dynasec)
2241,C-Vibes
2242,Simparel
2243,Thundermark
2244,OKDJ.fm
2245,Gladwyne Partners
2246,Veronis Suhler Stevenson
2247,Litigain
2248,Udorse
2249,SalonBooker
2250,SupplySeeker.com
2251,PartSimple
2252,AppFund
2253,AJ Consulting
2254,Enigma Technologies
2255,Quickcomm Software Solutions
2256,BricaBox
2257,Tadcast
2258,Executive Intermediary
2259,SpaBooker
2260,LeaderNation
2261,Berkley Networks
2262,SCP Worldwide
2263,Fiducioso Advisors
2264,SpinTheCam
2265,EpicAds
2266,YellowPin
2267,Bregal Sagemount
2268,21Ventures
2269,Hudson Ventures
2270,Triples Media
2271,Dolphin Equity Partners
2272,Enumeral Biomedical
2273,GMI Ratings
2274,Apple Tree Partners
2275,IntelliCell™ BioSciences
2276,GMG Capital Partners
2277,Spreadsave
2278,Radius Ventures
2279,Everyware Global
2280,Vocal IP Networx
2281,Dawntreader Ventures
2282,Clever Goats Media
2283,Gamestaq
2284,77 Ventures
2285,CIP Capital
2286,Newlight Management
2287,Logispring
2288,QE Ventures
2289,BragThis.com
2290,Footbits
2291,RiverWired
2292,Logicworks
2293,NorthStar Realty Finance
2294,Investcorp Gulf Investments
2295,Sopris Capital
2296,VC VISION
2297,mWater
2298,General Motors Investment Management
2299,Virgin USA
2300,Vatera Healthcare Partners
2301,Dynamix.tv
2302,Touradji Capital Management
2303,Aquiline Capital Partners
2304,EverPower
2305,Lazard Technology Partners
2306,Leeds Equity Partners
2307,GlobeTrotr.com
2308,Aperture Venture Partners
2309,Meyer Ventures
2310,Firefly Video
2311,Tailwind Capital
2312,People's Software Company
2313,Ascent Biomedical Ventures
2314,TripConnect
2315,SaaS Capital
2316,Wall Street Technology Partners
2317,Space Race
2318,Oligomerix
2319,Monomoy Capital Partners
2320,Silicon Alley Venture Partners
2321,Clearpoint Ventures
2322,CHIC.TV
2323,PlumTV
2324,Signet Healthcare Partners
2325,Gersh Venture Partners
2326,Silver Lining Limited
2327,Tango Publishing
2328,BVM Capital
2329,Tube2Tone
2330,New Silk Route
2331,farepie LLC
2332,NextNine
2333,My eShoe
2334,Coridea
2335,Kingfish Labs
2336,RK Ventures Group
2337,The Argentum Group
2338,Therasis
2339,IBN Media
2340,Zylie the Bear
2341,CM Equity Partners
2342,AlmondNet
2343,PerTrac Financial Solutions
2344,Bendigo Partners
2345,Albion Investors
2346,Workube
2347,SG Americas Securities
2348,Peeractive
2349,Asset Alliance
2350,I2BF Venture Capital
2351,DB Capital Ventures
2352,Applied Minerals
2353,Centrecourt Asset Management
2354,Truly Wireless
2355,Greenhill Capital Partners
2356,I Had Cancer
2357,Centurion Venture Partners
2358,Paramount BioCapital Asset Management
2359,Engagement Media Technologies
2360,Wand Partners
2361,KnowFu
2362,localbacon
2363,Scorpion Capital Partners
2364,The Lambda Funds
2365,OfferIQ
2366,Amalgamated Capital
2367,Trading Metrics
2368,SeeToo
2369,Merlin Biomed
2370,Ringleadr.com
2371,Crazy Blind Date
2372,whereIstand.com
2373,MacAndrews & Forbes Holdings
2374,Conexus-IT
2375,Clear Story Systems
2376,Alt Option Return
2377,Laurus Funds
2378,The BondFactor Company
2379,Stemline Therapeutics
2380,ZIG Capital
2381,Optimus3
2382,Media Retrievers
2383,Salmon River Capital
2384,Tiptree Financial
2385,Greentech Capital Advisors
2386,Urban Interns
2387,in2apps
2388,Progressive Book Club
2389,SimulScribe
2390,Wafra Partners
2391,Wolfensohn & Company
2392,Hyperpot
2393,Earthrise Capital Partners
2394,Privcap
2395,Diva Communications
2396,Action Products International
2397,Amphion Innovations
2398,Quantus Holdings
2399,Integrated Trade Processing
2400,Connexin Software
2401,Promosome
2402,Veotag
2403,Voxel (Internap)
2404,Nimble TV
2405,Wakozi
2406,Anavex
2407,VocalizeLocal
2408,Sycamore Partners
2409,TH Lee Putnam Ventures
2410,Lyrical Partners
2411,mobintent
2412,Crowd Play
2413,SIZESEEKER
2414,KidzVuz
2415,Greenlight Capital
2416,Noson Lawen Partners
2417,Imagen Biotech
2418,Riverbank Capital Securities
2419,GoLark
2420,Enhanced Equity Fund
2421,Caxton Advantage Life Sciences Fund
2422,Wider Wake Networks
2423,Eureka Capital Management
2424,BrabbleTV.com
2425,AdviceIQ
2426,Fliqq
2427,Remedy Pharmaceuticals
2428,Diker Management
2429,Ambistia Ventures
2430,SheZoom
2431,The Tyra Banks Company
2432,Morgan Stanley Private Equity
2433,FertilityAuthority
2434,Ingleside Investors
2435,FacePaint
2436,NetSpark
2437,Bioenvision
2438,MetaModix
2439,Selway Partners
2440,VisitorsCafe
2441,Networked Organisms
2442,Manhattan Labs
2443,JuiceBoxJungle
2444,Barron Partners
2445,FanGager (MyBrandz)
2446,Intuitive Venture Partners
2447,Casdin Capital
2448,Empressr
2449,Egret Capital Partners
2450,Relmada Therapeutics
2451,Persistency Capital
2452,Eclipse Market Solutions
2453,Intra-Cellular Therapies
2454,SoundRoadie
2455,CondoDomain
2456,Emigrant Capital
2457,Game Trust
2458,Zoomabet
2459,Babson Capital Management
2460,Today Tix
2461,Urgent Group
2462,Hey Neighbor!
2463,WebStudiyo Productions
2464,SocialReport.com
2465,Lit Building Directory
2466,YouDocs Beauty
2467,Advaliant
2468,Praesidian Capital
2469,J. Burke Capital Partners
2470,Spacebikini
2471,Flag Day Consulting Services
2472,Heartbeat Software
2473,Security Growth Partners
2474,Surreal Games
2475,KBL Healthcare Ventures
2476,Mustreal
2477,Axsome Therapeutics
2478,Angiocrine Bioscience
2479,Spinner Asset Management
2480,Crossborders
2481,for; to (do) Centers
2482,Playdate App
2483,JGD Management
2484,KartMe
2485,Dove Capital Partners
2486,Life Care Medical Devices
2487,3G Capital Partners
2488,Loxo Oncology
2489,Eos Partners
2490,Southpoint Capital Advisors
2491,Manhattan Scientifics
2492,artandseek
2493,KwiClick
2494,Monster
2495,Flatiron Apps
2496,Constellation Growth Capital
2497,BuzzVote
2498,Centrl
2499,Surfwax Media
2500,Tenex Capital Management
2501,Intercept Pharmaceuticals
2502,Soweso
2503,TV Interactive Systems
2504,Sword.com
2505,Highbridge Principal Strategies Growth Equity
2506,Islet Sciences
2507,GlobalOne Group
2508,SparkLix
2509,InterMedia Partners
2510,AndroBioSys
2511,MisoTrendy
2512,By/Association
2513,Plutus Capital
2514,Zoom Media & Marketing - United States
2515,NEST Fragrances
2516,NewYork60.com
2517,LifeOnKey
2518,VR1
2519,Click Sell Buy
2520,Lev Pharmaceuticals
2521,Flicksquare
2522,WikiYou
2523,Paine & Partners
2524,Mitsui Private Equity
2525,SoStupid.com
2526,LegalSherpa
2527,Ad Summos
2528,Secure Fortress
2529,SocialGreat
2530,My Sourcebox
2531,Twibingo
2532,Wave Universal
2533,FANCHEST
2534,DealMarket
2535,Mediant Communications
2536,Merlin Nexus
2537,Russia Partners
2538,Fundation
2539,New York Venture Capital Association (NYVCA)
2540,Perppl
2541,DMC Worldwide
2542,A P F Naples investment 
2543,Spindle Research
2544,Diligent Board Member Services
2545,AECOM Capital
2546,Saavn
2547,Status
2548,Homejoy
2549,Wonolo
2550,-
2551,BrightFunnel 
2552,Philz Coffee
2553,StumbleUpon
2554,Treatful
2555,Podo Labs
2556,Piggybackr
2557,SimplyInsured
2558,Zendesk
2559,CrowdCall
2560,Storify
2561,Algolia
2562,"Hampton Creek, Inc. "
2563,Trulia
2564,Conversa Health
2565,HeartThis
2566,Pulse
2567,Plethora
2568,CommitChange
2569,Sessions
2570,Entelo
2571,HashFast
2572,1-Page 
2573,Deeno
2574,SWIG!
2575,AppMesh
2576,Consumer by Flight.vc
2577,Shoptouch
2578,Glow
2579,Yevvo
2580,Singly
2581,Tripping.com
2582,Pivotal Labs
2583,Savvy
2584,Live Nation Labs
2585,Zaption
2586,Mindie
2587,BloomSpot
2588,BandPage
2589,Keepy
2590,Cater2.me
2591,Loopd
2592,StartupKit - Work smarter not harder
2593,Wednesday Night
2594,California Labs (Loop)
2595,Comendi
2596,Omies
2597,Eyegroove
2598,POPSUGAR
2599,HashRabbit
2600,Exposure
2601,3Scan
2602,Airtable
2603,MyHealthTeams
2604,SixDoors
2605,ollo wearables 
2606,Expresso
2607,GoodAudience
2608,ClearSlide
2609,Alumnify
2610,Elluva 
2611,PointsHound
2612,Roomeo
2613,Broadway Angels
2614,GoodPeople
2615,Wingtip
2616,Thiel Capital
2617,Blurb
2618,Prosper Marketplace
2619,Solum
2620,Castlight Health
2621,Tog+Porter
2622,Trance
2623,Parklet
2624,Dygest
2625,SPOTS
2626,PlotBox
2627,Book A Boat
2628,OpenROV
2629,Evertoon
2630,Enlitic
2631,XS: Action Sports
2632,OnboardIQ
2633,drone.io
2634,SkyDrop
2635,Reppify
2636,Innovalley
2637,Boomtown!
2638,SiliconPrime
2639,Filmzu
2640,Orankl
2641,LOYAL3
2642,Uversity
2643,RushTix
2644,Timeline
2645,LivingCannabis
2646,angelMD
2647,Pins
2648,Mattr
2649,Joyus
2650,RunWilder
2651,Drumleaf
2652,Coveroo
2653,BTCPoint
2654,Standard Cyborg
2655,SWOL
2656,Knowtify.io
2657,Lugg
2658,Mocana
2659,CoinBeyond
2660,FreeBusy
2661,WibiData
2662,Playviews
2663,Ebates
2664,Pontaba
2665,Weeleo
2666,Desks Near Me
2667,Trazzler
2668,Tred
2669,Estately
2670,Appetas (Acquired by Google)
2671,Tango Card
2672,Freak'n Genius
2673,Comr.se
2674,Leafly
2675,Tripcierge
2676,Showqase
2677,PayScale
2678,Seconds
2679,Tomo
2680,Funtini
2681,Ember Entertainment
2682,IDInteract
2683,Viafo
2684,CareTrio
2685,MetricsHub
2686,Personify.iT
2687,Magicflix
2688,GeoRiot
2689,Triage Project
2690,AdMetrica
2691,Tomato Battle
2692,Play Works Studio
2693,Got Sync Music
2694,Live the Look
2695,SixAM Inc
2696,Madison
2697,Percept Labs (acquired by Google)
2698,Thursday Market
2699,Localisto
2700,Qliance Medical Management
2701,Perkz Mobile
2702,Vavavouch
2703,Seattle Waterproof Deck
2704,SpotOn Connect
2705,Stash
2706,Union Bay Networks
2707,Kouply
2708,U of Washington Vision + Cognition Group
2709,Talentspring
2710,Ontela
2711,IronGate Security Networks
2712,Swype
2713,VRcade
2714,Bad Pug Games
2715,Totem
2716,Syko Records
2717,Goblinworks
2718,Zhurosoft
2719,Clipcopia
2720,Tripket
2721,React Mobile
2722,DealScoopr
2723,Carbon Ads
2724,TVinteract
2725,Envvied
2726,TrackSimple
2727,Dynamic Stops
2728,Fork
2729,Note
2730,eBio
2731,PhysAct
2732,Lumana
2733,FitnessSyncer
2734,Crafted Inc
2735,Snazzit
2736,HouseOgames
2737,Don't Call Me Ma'am
2738,Bonanza
2739,MagicalButter.com
2740,SmartGirls Way 
2741,Wovn Energy
2742,Safe Boundary System 
2743,Distiller
2744,Atndr
2745,Taposé
2746,Envelop VR
2747,V2Green
2748,Shocking Goat
2749,LeaveLogic
2750,High Speed Rail USA
2751,The Happy Crate
2752,Spreesy
2753,GeekWire
2754,ReelSonar
2755,SWTCH
2756,Schedule Agent
2757,AnswerDash
2758,Kite & Lightning
2759,"Syzen Analytics, Inc."
2760,Meteor Solutions
2761,ThatFunction 
2762,Fyber Labs
2763,GoodBuilder
2764,NuvoMedia
2765,UrbanTech Systems
2766,Langua Travel
2767,Escapia
2768,Resumelink
2769,Adaptive TCR
2770,bandpass.fm
2771,RentMyWay 
2772,Flatsheet
2773,PlayerBeats
2774,Adometry
2775,AVAH
2776,Yalent.com
2777,Z7 Networks
2778,Zeppora
2779,eVision
2780,IBeatAnxiety
2781,"Sprintium, Inc"
2782,Sumomi
2783,Gen S
2784,WeThinkItMatters
2785,Canappi
2786,LexBlog
2787,Myrtle Street Publishing
2788,Swing Whistle
2789,"Applied Residential, Inc."
2790,Fireshoe Productions
2791,Ramen
2792,BlueCosmo Satellite Communications
2793,StudentRND
2794,Datalytical Media
2795,MyBoozy
2796,Picnik
2797,Clario Medical Imaging
2798,Deponex
2799,EDA/Meteor Eyewear 
2800,Impact Bioenergy
2801,BrandVerity
2802,We-Dot
2803,LiftyApps
2804,Vardepappercentralen VPC AB (VPC)
2805,Bitcoin Macroeconomics
2806,Lotims Inc.
2807,Luxe Travel Network
2808,Wander (f. YongoPal)
2809,Brandsy.co
2810,Mirefuge Entertainment
2811,Q Mobile
2812,TellWise
2813,SimDeliver Consulting 
2814,Nintex
2815,nuMVC
2816,NanoIce
2817,Script Lit eBooks
2818,Pregenen
2819,High Tech Inc
2820,Impact Interview
2821,Judys Book
2822,SaferCodes Vovid QR codes
2823,SocialRadar
2824,Snack&Munch
2825,1EQ
2826,HumanFactors Systems
2827,HelloWallet
2828,Remarkable Hire
2829,MusicMind 
2830,Kona Kase
2831,Floqker
2832,collegenode
2833,AddyMate
2834,flexReceipts
2835,Crumbdrop
2836,LiveMenu
2837,PerSN
2838,Full Measure Education
2839,Borrowing Magnolia
2840,Y it Sucks
2841,Help Your Users
2842,LinkExpats 
2843,jabfab
2844,ChatFor.Us
2845,MovieNightIN - by Pentapus Technologies
2846,Brave UX
2847,Quixote Computing
2848,Marketade
2849,Memories
2850,Soleful High
2851,XLPAT TT Consultants
2852,Community Services Dev Corp
2853,Experts Educating Patients
2854,Digijaks
2855,Zest 
2856,KlowdTV
2857,Bokomo USA
2858,LINEUP
2859,ParkEZ
2860,Gabriel Marketing Group (GMG)
2861,Beyond Our Years
2862,Addis Ideas
2863,Pancreum
2864,I Am A Food Critic
2865,love schmove
2866,Reel Look
2867,MyAnyPost
2868,The Smugger
2869,Gameguin
2870,Profiteur
2871,New Understanding Music
2872,On Second Thought (OST)
2873,OurShow Productions LLC
2874,"LivingAudio, LLC."
2875,Platform for Global Health
2876,SnappCloud
2877,"Free Tinkers, LLP"
2878,CertiServer
2879,Ingenia 
2880,MPGATECHNOLOGIES CORPORATION
2881,PicLab HD
2882,Touchstone Words
2883,Blackfreelancers.com
2884,Atebion
2885,BlueLabs LLC
2886,DrugPatentWatch.com
2887,Butchbaby & Co.
2888,"Agile Partners, LLC"
2889,Center for Advancing Retail and Technology
2890,Beast Fingers Climbing Gym
2891,Weekend Package
2892,Venture Philanthrophy Partners
2893,LogiAnalytics.com
