,name,desc,website,location,employees,raised,angel_url,angel_id
1,Cleargraph,Zero-friction identity verification,https://angel.co/cleargraphinc,San Francisco,1-10,-,https://cleargraph.com/careers.html,3405248
3,Kylie.ai,Kylie Leverages AI to Clone Enterprise Support Agents to Automate Conversations,https://angel.co/kylieai,San Francisco,1-10,-,http://www.kylie.ai,3399236
5,IFTTT,Do more with the services you love,https://angel.co/ifttt,San Francisco,11-50,"$37,000,000",https://ifttt.com,26564
8,CrowdFlower,The essential human-in-the-loop platform for data science teams,https://angel.co/crowdflower,San Francisco,51-200,"$38,000,000",http://www.crowdflower.com,32119
9,Ripple,"Instant, certain, low-cost cross-border payments.",https://angel.co/ripple-labs,San Francisco,51-200,"$86,500,000",http://www.ripple.com,197974
10,Pinterest,"Discover recipes, home ideas, style inspiration and other ideas to try.",https://angel.co/pinterest,San Francisco,501-1000,"$1,448,500,000",http://www.pinterest.com,281
12,Pomello,Data-Driven HR Platform,https://angel.co/pomello,San Francisco,1-10,"$28,000",http://www.pomello.com,646148
14,Revfluence,Scalable Content Powered by Influencers,https://angel.co/revfluence,San Francisco,11-50,"$2,400,000",http://www.revfluence.com/?utm_source=angellist,517211
16,Binti,Helping children join loving families,https://angel.co/binti,San Francisco,1-10,-,https://binti.com,355421
17,Mux,Build better video: Stream and measure video on any device,https://angel.co/mux,San Francisco,11-50,"$11,800,000",https://mux.com,2084485
18,Rocksbox,Transforming the way women discover and buy jewelry.,https://angel.co/rocksbox,San Francisco,11-50,"$10,200,000",http://www.rocksbox.com,81947
19,AnyRoad,Experience Relationship Management.,https://angel.co/anyroad,San Francisco,11-50,-,http://anyroad.com,111266
20,Orion,Orion is a platform for real-time voice communication everywhere. ,https://angel.co/orion-labs,San Francisco,11-50,"$33,500,000",https://www.orionlabs.io,183029
21,Taulia,"Connecting businesses to boost worldwide economic growth, one invoice at a time",https://angel.co/taulia,San Francisco,201-500,"$142,800,000",http://www.taulia.com,639
22,PlushCare,"Get diagnosed, treated, and prescribed medication by top doctors via smartphone now. ",https://angel.co/plushcare,San Francisco,11-50,"$8,880,000",http://www.plushcare.com,402108
28,Polymorph,Machine learning driven revenue intelligence platform,https://angel.co/polymorphlabs,San Francisco,11-50,"$10,500,000",http://www.getpolymorph.com,125045
29,Enki,Personalized continuous learning for tech skills,https://angel.co/enki,San Francisco,11-50,"$700,000",http://enki.com,667561
41,Particle,The full-stack Internet of Things platform. Connect your devices to the web.,https://angel.co/particle,San Francisco,11-50,"$30,400,000",https://www.particle.io,88813
43,Buffer,"Intuitive, streamlined social media management",https://angel.co/buffer,San Francisco,51-200,"$3,900,000",http://buffer.com,21604
44,Lob,Print and Mail API (YC S13),https://angel.co/lob,San Francisco,11-50,"$29,400,000",https://www.lob.com,167051
49,IfOnly,-,https://angel.co/ifonly,San Francisco,-,"$25,300,000",http://www.ifonly.com,285639
53,Plaid,Infrastructure and API's to power FinTech,https://angel.co/plaid,San Francisco,51-200,"$59,300,000",https://plaid.com,61714
59,Pocket Gems,Pioneering mobile games and entertainment,https://angel.co/pocket-gems,San Francisco,201-500,"$65,000,000",http://www.pocketgems.com,41212
60,Expa,Expa builds companies,https://angel.co/expa,San Francisco,11-50,"$150,000,000",http://www.expa.com,202539
64,Maker,Content engagement platform for commerce,https://angel.co/maker,San Francisco,1-10,-,http://maker.me/,79594
66,Yogome,Learning Games Platform for Kids,https://angel.co/yogome,San Francisco,-,-,http://yogome.com,58611
72,Zendrive,Making roads safer with data and analytics.,https://angel.co/zendrive,San Francisco,11-50,"$16,500,000",http://www.zendrive.com,161392
80,MixRank,Competitive Sales Intelligence,https://angel.co/mixrank,San Francisco,11-50,"$1,500,000",http://mixrank.com,26190
81,LendUp,We build products for the underbanked that improve financial health. ,https://angel.co/lendup,San Francisco,201-500,"$261,500,000",http://www.lendup.com,79622
85,Zinc,An Ecommerce Plumbing Company (YC W14),https://angel.co/zinc-technologies,San Francisco,11-50,-,https://zinc.io,496729
86,Hipcamp,Discover and book original camping experiences,https://angel.co/hipcamp,San Francisco,11-50,"$2,000,000",http://www.hipcamp.com/,215222
93,Looklive,Community and Marketplace for Men's fashion.,https://angel.co/looklive,San Francisco,1-10,-,https://www.looklive.com,1872365
95,Naytev,(YC S14) A/B testing for how content appears on social media,https://angel.co/naytev,San Francisco,1-10,"$1,300,000",http://www.naytev.com,359410
96,Clutter,Making the world more convenient.,https://angel.co/clutter,San Francisco,201-500,"$96,300,000",http://clutter.com,251943
98,Calm,Making the world happier and healthier through the superpower of Calm.,https://angel.co/calm,San Francisco,11-50,"$993,000",http://www.calm.com,89425
101,Bloc,Structured online training programs in software development and design.,https://angel.co/bloc,San Francisco,51-200,"$8,000,000",https://www.bloc.io,28772
102,BetterUp,Personalized leadership development for everyone,https://angel.co/betterup,San Francisco,51-200,"$12,900,000",http://www.betterup.co,416859
103,Unity Technologies,-,https://angel.co/unity-technologies,San Francisco,1001-5000,"$17,500,000",http://unity3d.com,38445
106,Chewse,Chewse delivers family-style office meals from the best local restaurants.,https://angel.co/chewse,San Francisco,11-50,"$16,000,000",https://www.chewse.com/,30557
110,NexTravel,Business Travel Made Simple,https://angel.co/nextravel,San Francisco,11-50,-,http://www.nextravel.com,665683
112,Mode,Collaborative Analytics Platform,https://angel.co/mode,San Francisco,51-200,"$10,425,000",http://modeanalytics.com,282640
113,Wefunder,"""Kickstarter for investing"".  Saving the American Dream for the next generation.",https://angel.co/wefunder,San Francisco,11-50,"$6,067,000",http://www.wefunder.com,75239
114,Gigster,Software development on-demand,https://angel.co/gigster,San Francisco,51-200,"$10,000,000",https://gigster.com,244177
115,Loom.ai,"Personalized expressive 3D avatars from photographs for chat, mobile AR, VR, e-commerce",https://angel.co/loomai,San Francisco,11-50,-,http://loom.ai,1111456
117,Republic,Invest in startups via Republic equity crowdfunding platform,https://angel.co/republic,San Francisco,11-50,-,https://republic.co,1105543
119,Scale API,API for human intelligence,https://angel.co/scaleapi,San Francisco,11-50,"$4,500,000",http://scaleapi.com,1160092
120,Bright,SolarCity for the developing world,https://angel.co/bright-3,San Francisco,1-10,"$4,240,000",http://thinkbright.mx,400547
124,Fitbit,-,https://angel.co/fitbit,San Francisco,-,"$66,000,000",http://www.fitbit.com,32178
125,Seed,Online Business Banking,https://angel.co/seed-8,San Francisco,11-50,"$5,000,000",https://seed.co,462906
126,Grove Collaborative,"Helping families create a healthy, beautiful environment in their homes",https://angel.co/grovecollab,San Francisco,11-50,"$44,700,000",http://www.grove.co,166017
127,Mystery Science,Open-and-go lessons that inspire kids to love science.,https://angel.co/mystery-science,San Francisco,11-50,-,http://mysteryscience.com,135064
131,Xola,Booking & Distribution Platform for Experience Providers. (Sabre for Activities).,https://angel.co/xola,San Francisco,11-50,"$6,800,000",http://www.xola.com,19935
132,Opencare,Your personal healthcare expert,https://angel.co/opencare,San Francisco,1-10,-,https://www.opencare.com,175143
136,8tracks,Internet radio curated by people | 5m MAU,https://angel.co/8tracks,San Francisco,11-50,"$5,100,000",http://8tracks.com,4741
140,Lenda,"We make home loans honest, fast, and completely online.",https://angel.co/lenda,San Francisco,11-50,"$9,000,000",https://www.lenda.com,214025
141,Triplebyte,Intelligent technical recruiting,https://angel.co/triplebyte,San Francisco,11-50,"$3,000,000",https://triplebyte.com,696603
144,UrbanSitter,Your community's most trusted babysitters and nannies. On-demand.,https://angel.co/urbansitter,San Francisco,11-50,"$22,400,000",https://www.urbansitter.com,21275
145,Standard Cyborg,The API for the Physical World,https://angel.co/standard-cyborg,San Francisco,1-10,-,http://standardcyborg.com,431970
146,Instaread,Enrich human lives through voice,https://angel.co/instaread,San Francisco,11-50,"$1,675,000",http://instaread.co,581757
149,Kelvin,Intelligent Control for Natural Resource Operations,https://angel.co/kelvin-6,San Francisco,11-50,-,http://kelvininc.com,183382
152,Zipline,Real-time Operations for Retail,https://angel.co/retailzipline,San Francisco,11-50,-,http://www.retailzipline.com,584082
153,Siftery,"Share products you use at work, explore what others are using",https://angel.co/siftery,San Francisco,11-50,"$4,000,000",https://siftery.com,867984
157,TrendMD,Knowledge discovery for doctors,https://angel.co/trendmd,San Francisco,11-50,-,https://www.trendmd.com/,112410
158,PlanGrid,Bridging the gap between good software and the construction industry,https://angel.co/plangrid,San Francisco,201-500,"$59,100,000",http://www.plangrid.com,85839
159,MURAL,Visual workspace that helps you design together,https://angel.co/mural,San Francisco,11-50,"$2,075,000",http://www.mural.co,23166
160,Instawork,Local jobs marketplace (YC S15),https://angel.co/instawork,San Francisco,,-,http://www.instawork.com,837595
163,Equidate,The stock market for private companies.,https://angel.co/equidate,San Francisco,11-50,"$3,500,000",https://equidateinc.com/,330569
164,Stripe,The new standard in online payments.,https://angel.co/stripe,San Francisco,1001-5000,"$343,000,000",https://stripe.com/,37232
165,Memebox,Beauty Full Stack E-Commerce,https://angel.co/memebox,San Francisco,51-200,"$156,200,000",http://us.memebox.com,431924
171,Gridspace,Software that understands and automates real-time conversation,https://angel.co/gridspace,San Francisco,11-50,-,http://www.gridspace.com/,523636
174,Fleksy,"Touch typing, re-invented",https://angel.co/fleksy,San Francisco,11-50,"$5,900,000",http://fleksy.com/,103541
184,App.io,Interactive streaming like never before.,https://angel.co/app-io,San Francisco,1-10,"$1,180,000",http://app.io,102051
186,Close.io,Inside Sales Communication Platform. Helps sales people close more deals. Y Combinator.,https://angel.co/close-io,San Francisco,11-50,-,http://close.io/,103032
189,Joist,Estimating & Invoicing Tool for Contractors,https://angel.co/joist,San Francisco,11-50,-,http://www.joist.com,103703
192,Dealflicks,Priceline for movie tickets,https://angel.co/dealflicks,San Francisco,11-50,"$4,600,000",http://www.dealflicks.com,104489
199,Discoverly,Put Social to Work,https://angel.co/discoverly,San Francisco,1-10,"$750,000",http://Discover.ly,104133
200,BeRecruited,LinkedIn/Match.com for College Athletic Recruiting,https://angel.co/berecruited,San Francisco,11-50,"$1,200,000",http://berecruited.com,103791
205,Sense,Enterprise Data Science Platform,https://angel.co/sense,San Francisco,1-10,"$11,260,000",https://sense.io,105875
207,Meldium,Account & password manager for teams (YC W13),https://angel.co/meldium,San Francisco,11-50,"$16,000,000",https://www.meldium.com,106374
213,OLSET,OLSET - Personalized Travel Booking,https://angel.co/olset,San Francisco,1-10,"$2,815,000",http://www.olset.com,106081
215,Plympton,Digital Publisher and Distributor,https://angel.co/plympton,San Francisco,1-10,"$80,000",http://plympton.com,108489
216,Partnered,The company-to-company business development network connecting startups and brands,https://angel.co/partnered,San Francisco,1-10,"$1,098,400",http://partnered.com,108524
219,Mango Health,Mobile health company inspiring patients with chronic conditions to lead healthier lives.,https://angel.co/mango-health,San Francisco,11-50,"$8,300,000",http://www.mangohealth.com,112863
225,Xockets,Acceleration appliances for Big Data analytics,https://angel.co/xockets,San Francisco,1-10,-,http://xockets.com,114527
226,Celery,Accept Pre-Orders Easily,https://angel.co/celery-5,San Francisco,11-50,"$2,300,000",https://www.trycelery.com,114450
227,Kamcord,(YC S12),https://angel.co/kamcord,San Francisco,11-50,"$37,250,000",http://kamcord.com,115146
229,NoRedink,Adaptive learning tool that helps students improve their grammar/writing skills.,https://angel.co/noredink,San Francisco,11-50,"$8,000,000",http://www.noredink.com,115616
234,FlightCar,Travel made convienent,https://angel.co/flightcar,San Francisco,51-200,"$40,410,000",https://www.flightcar.com,117187
235,Grow Mobile,A single mobile ad buying solution across networks with ROI analytics and optimization.  ,https://angel.co/grow-mobile,San Francisco,-,"$43,000,000",http://www.growmobile.com,117240
243,Foundersuite,Productivity tools for the world's 400M entrepreneurs.,https://angel.co/foundersuite,San Francisco,1-10,-,http://www.foundersuite.com,117816
249,Bitnami,"Easy to use cloud images, containers, and VMs that work on any platform.",https://angel.co/bitnami,San Francisco,51-200,-,https://bitnami.com,108348
251,Famous.AF / Stolen,Be the biggest fan of your favorite people on Twitter!,https://angel.co/famousaf,San Francisco,11-50,"$5,500,000",http://famous.af,108911
254,Cloudflare,Cloudflare's mission is to help build a better Internet.,https://angel.co/cloudflare,San Francisco,201-500,"$182,050,000",http://www.cloudflare.com,112288
256,Meetings.io,Effortless Video Meetings,https://angel.co/meetings-io,San Francisco,,-,http://meetings.io,111423
264,RentMetrics,The Pricing Source For The Rental Market,https://angel.co/rentmetrics,San Francisco,1-10,-,http://www.rentmetrics.com,149576
271,doxIQ,document analytics startup. acquired by Nitro in 2015,https://angel.co/doxiq,San Francisco,1-10,-,http://www.gonitro.com,153114
273,LawPal,Conversational search AI for Law ,https://angel.co/lawpal,San Francisco,1-10,-,https://lawpal.com/,149072
278,byUs,Exclusive recommendations for hard-to-find service providers.,https://angel.co/byus,San Francisco,1-10,"$1,500,000",http://byUs.com,152954
284,Graph Ventures,Early stage investing,https://angel.co/graph,San Francisco,1-10,-,http://graphventures.com,181901
287,Unwind Me,"Massage Made Simple: The best therapists, straight to you, at an affordable price (YC S14)",https://angel.co/unwind-me,San Francisco,1-10,-,http://unwind.me,182792
289,Judicata,Mapping the legal genome to help you better understand the law.,https://angel.co/judicata,San Francisco,11-50,"$7,825,000",https://www.judicata.com,183868
290,Rock Health,Full-service seed funding for digital health startups,https://angel.co/rockhealth,San Francisco,1-10,-,http://rockhealth.com,181176
291,Spire,Platform for continuous respiratory health data. Products sold in Apple Stores globally.,https://angel.co/spire,San Francisco,11-50,"$9,500,000",https://spire.io,182252
293,Jackson Square Ventures,VC firm investing in SaaS and marketplaces. ,https://angel.co/jsv,San Francisco,1-10,-,http://jsv.com,183093
295,Startcaps Ventures,VC firm,https://angel.co/startcaps-ventures,San Francisco,1-10,-,http://www.startcaps.com,183416
300,Streem,Unlimited Cloud Storage For Your Media (YC S12),https://angel.co/streem,San Francisco,1-10,"$875,000",https://www.streem.com,175020
301,BloomThat,Send a little something! Fresh Stems + Sweet Surprises,https://angel.co/bloomthat,San Francisco,11-50,"$7,600,000",http://www.bloomthat.com,175330
305,Lantern,Mental health on demand,https://angel.co/lantern-2,San Francisco,11-50,"$20,800,000",http://www.golantern.com,176117
317,Mulu,Deep Learning for Intelligent Commerce,https://angel.co/mulu,San Francisco,1-10,"$3,641,507",http://www.mulu.me,126070
321,Trifacta,People • Transforming • Data,https://angel.co/trifacta,San Francisco,11-50,"$76,300,000",http://trifacta.com,127585
330,Sumazi,-,https://angel.co/sumazi,San Francisco,1-10,-,http://www.Sumazi.com,125092
331,Walletkit,Powering the future of Mobile Wallets.,https://angel.co/walletkit,San Francisco,1-10,-,http://www.walletkit.com,124939
333,Chronos Mobile Technologies,Turning passively collected data into actionable insights,https://angel.co/waldo-2,San Francisco,1-10,-,http://www.chronosmobiletechnologies.com,125407
336,Zesty,Healthy office catering (YC W14),https://angel.co/zesty-1,San Francisco,51-200,"$20,700,000",http://zesty.com,126085
337,Floqq,Online Education ,https://angel.co/floqq,San Francisco,11-50,"$925,000",http://www.floqq.com,126514
339,KidAdmit,Giving your kids every opportunity,https://angel.co/kidadmit,San Francisco,1-10,"$500,000",http://www.kidadmit.com,127242
340,AuditFile,Cloud based audit software for CPA firms,https://angel.co/auditfile,San Francisco,1-10,"$6,000,000",http://www.auditfile.com,127822
349,Stayful,Transforms a traveler’s entire hotel experience from booking to checkout.,https://angel.co/stayful,San Francisco,1-10,"$2,400,000",https://itunes.apple.com/us/app/stayful-boutique-hotel-bookings/id895110067?mt=8,184846
351,Vacatia,Resort Marketplace for Vacationing Families & Friends,https://angel.co/vacatia,San Francisco,11-50,"$13,800,000",https://vacatia.com,185252
357,CloudPeeps,The #1 all-in-one platform for running a freelance business,https://angel.co/cloudpeeps,San Francisco,1-10,-,http://cloudpeeps.com,97247
359,True & Co,"Reinventing bra shopping. No fitting rooms, no measuring tape.",https://angel.co/true-co,San Francisco,11-50,-,http://trueandco.com,99087
361,LearnUp - Acquired by Manpower Group,Empowering job seekers to achieve their career goals,https://angel.co/learnup,San Francisco,11-50,"$9,900,000",http://www.learnup.com,99125
362,Degreed,Jailbreaking the Degree,https://angel.co/degreed,San Francisco,1-10,"$40,800,000",http://degreed.com/,100410
363,Hired,The Marketplace for Talent,https://angel.co/hired-1,San Francisco,51-200,"$102,700,000",http://www.Hired.com,100580
364,Airseed,Customer & Loyalty Intelligence,https://angel.co/airseed,San Francisco,1-10,-,http://www.airseed.com,100795
366,Formation | 8,VC ,https://angel.co/formation-8,San Francisco,11-50,-,http://www.formation8.com/,179221
376,uBiome,Big Data from Bacteria,https://angel.co/ubiome,San Francisco,201-500,"$21,500,000",http://www.ubiome.com,175531
377,SoundFocus,Supercharge Your Hearing (YC S13),https://angel.co/soundfocus,San Francisco,1-10,"$1,850,000",http://www.soundfocus.com,175062
378,bop.fm,Intelligent permalinks for songs,https://angel.co/bop-fm,San Francisco,1-10,"$2,000,000",http://bop.fm,176814
379,SocialSign.in,Connecting people at and with great venues,https://angel.co/socialsign-in,San Francisco,1-10,-,http://socialsign.in,176940
385,MyCrowd QA - A QASource Company,Software crowdtesting,https://angel.co/mycrowd-qa,San Francisco Bay Area,501-1000,-,https://www.mycrowd.com,163781
388,AirPair,Micro Consulting Marketplace,https://angel.co/airpair,San Francisco,1-10,"$1,000,000",http://www.airpair.com,166232
393,Misfit,Inventing and manufacturing wearable and smart home products,https://angel.co/misfit,San Francisco,51-200,"$324,396,675",http://www.misfit.com,167266
395,Plastiq,"Make payments for tuition, cars, and more on credit card",https://angel.co/plastiq,San Francisco,11-50,"$29,300,000",https://www.plastiq.com/,167892
396,URX,"The Deeplink Search Engine, For Developers (YC S13)",https://angel.co/urx,San Francisco,11-50,"$15,100,000",http://www.urx.com,164278
398,Heavybit,Take your developer product to market,https://angel.co/heavybit-industries,San Francisco,1-10,-,http://heavybit.com,153310
403,Genies,Launching soon on the app store,https://angel.co/genies,San Francisco,11-50,"$16,500,000",https://genies.la,164891
407,Massdrop,A social space and marketplace curated by you.,https://angel.co/massdrop,San Francisco,51-200,"$47,900,000",http://massdrop.com,165149
408,Cleargraph,Zero-friction identity verification,https://angel.co/cleargraphinc,San Francisco,1-10,-,https://cleargraph.com/careers.html,3405248
410,Kylie.ai,Kylie Leverages AI to Clone Enterprise Support Agents to Automate Conversations,https://angel.co/kylieai,San Francisco,1-10,-,http://www.kylie.ai,3399236
412,SafeGraph,we predict the past,https://angel.co/safegraph,San Francisco,11-50,"$16,000,000",http://www.safegraph.com,1145472
414,TrendMD,Knowledge discovery for doctors,https://angel.co/trendmd,San Francisco,11-50,-,https://www.trendmd.com/,112410
415,Practice Fusion,-,https://angel.co/practice-fusion,San Francisco,201-500,"$240,019,998",http://www.practicefusion.com/,33091
416,Fieldwire,The construction app for the field,https://angel.co/fieldwire,San Francisco,11-50,"$6,600,000",http://www.fieldwire.com,27490
418,Drive Motors,Online checkout for car dealerships (Y Combinator W2016),https://angel.co/drive-motors,San Francisco,1-10,-,http://www.drivemotors.com,578126
421,StackShare,"See the best SaaS tools and infrastructure, and who’s using them.",https://angel.co/stackshare,San Francisco,1-10,"$7,000,000",https://stackshare.io,210266
422,Yoshi,Never go to the gas station again,https://angel.co/startyoshi,San Francisco,,"$2,100,000",http://www.startyoshi.com,2198156
423,Zumper,Bringing magic to your apartment search,https://angel.co/zumper,San Francisco,51-200,"$32,150,000",https://www.zumper.com,103929
424,Sonar,Helping companies drive revenue with mobile messaging,https://angel.co/sonar-5,San Francisco,1-10,-,https://www.sendsonar.com,447759
425,Blend,-,https://angel.co/blend,San Francisco,51-200,"$160,000,000",http://blend.com,91411
428,CloudApp,Work at the speed of sight.,https://angel.co/cloudapp,San Francisco,11-50,"$2,000,000",http://getcloudapp.com,827864
430,AdRoll Group,Power connections that drive growth,https://angel.co/adroll,San Francisco,501-1000,"$89,000,000",http://adroll.com,40424
432,Talkable,Referral Marketing Platform (YC W11),https://angel.co/talkable,San Francisco,11-50,"$1,200,000",http://www.talkable.com,21048
433,Localize,Localization as a Service,https://angel.co/localize,San Francisco,11-50,"$1,200,000",https://localizejs.com,376679
434,Sharethrough,Native monetization tech for modern publishers and media companies. ,https://angel.co/sharethrough,San Francisco,51-200,"$28,000,000",http://www.sharethrough.com,32416
436,Demandbase,-,https://angel.co/demandbase,San Francisco,201-500,"$78,000,000",http://www.demandbase.com,32132
439,Leap Motion,Reach into virtual reality with your bare hands,https://angel.co/leap-motion,San Francisco,51-200,"$124,050,000",http://www.leapmotion.com,6343
440,Wonolo,Fast. Flexible. Staffing Reinvented.,https://angel.co/wonolo,San Francisco,11-50,"$7,900,000",http://wonolo.com,377879
441,Iterable,"Growth Marketing Platform by Ex-Twitter, Google team. $23M Series B led by Index Ventures.",https://angel.co/iterable,San Francisco,51-200,"$32,200,000",http://iterable.com,184903
442,Truly,Make Calling Your Competitive Advantage,https://angel.co/trulywireless,San Francisco,11-50,-,https://truly.co,204827
450,Techmate,Your Technology Concierge (YC S16),https://angel.co/techmate,San Francisco,11-50,-,https://jointechmate.com,1380611
452,Survata,The Brand Intelligence Platform ,https://angel.co/survata,San Francisco,11-50,"$7,667,000",http://www.survata.com,182277
453,Plate IQ,Redefining restaurant operations (YC S15),https://angel.co/plateiq,San Francisco,11-50,"$5,300,000",http://plateiq.com/,571588
457,LawTrades,Creating an open legal system,https://angel.co/lawtrades,San Francisco,1-10,"$1,875,000",http://www.lawtrades.com,227291
458,Affirm,Bringing transparency to consumer credit.,https://angel.co/affirm,San Francisco,201-500,"$420,000,000",https://www.affirm.com/,178430
459,Apptimize,Accelerate mobile innovation,https://angel.co/apptimize,San Francisco,11-50,"$18,400,000",http://apptimize.com,172493
464,AngelList,A platform for startups,https://angel.co/angellist,San Francisco,51-200,"$24,000,000",http://angel.co,6702
465,NanoNets,Machine Learning as a Service for Developers,https://angel.co/nanonets,San Francisco,,"$1,620,000",https://nanonets.com,3188382
466,SFOX,Advanced Bitcoin Trading Platform,https://angel.co/sfox,San Francisco,1-10,-,https://www.sfox.com,470868
470,Zendrive,Making roads safer with data and analytics.,https://angel.co/zendrive,San Francisco,11-50,"$16,500,000",http://www.zendrive.com,161392
472,Polymorph,Machine learning driven revenue intelligence platform,https://angel.co/polymorphlabs,San Francisco,11-50,"$10,500,000",http://www.getpolymorph.com,125045
474,MUBI,Curated Film Streaming Service ,https://angel.co/mubi,San Francisco,51-200,"$27,050,000",http://mubi.com,780
475,Yup.com,Making personalized learning more accessible for students globally.,https://angel.co/yuptechnologies,San Francisco,11-50,"$11,500,000",https://www.yup.com,845834
476,Minted,Design marketplace that connects people with the world’s best artists.,https://angel.co/minted,San Francisco,201-500,"$87,000,000",http://www.minted.com,32625
477,Truebill,Effortless Subscription Management,https://angel.co/truebill,San Francisco,1-10,"$1,900,000",http://www.truebill.com,969483
479,Outschool,Community marketplace of live online classes for K-12,https://angel.co/outschool,San Francisco,1-10,-,https://outschool.com,805012
480,mLab,Fully managed Database-as-a-Service for MongoDB,https://angel.co/mlab,San Francisco,11-50,"$8,000,000",https://mlab.com,53398
481,KITE,Unlocking enterprise growth through startup innovation,https://angel.co/kite-2,San Francisco,11-50,-,http://www.GetKITE.Co,177695
482,Constructor.io,Autocomplete and Search Enhancement as a Service,https://angel.co/constructor-io,San Francisco,11-50,-,https://Constructor.io,690214
488,Layer,"Imagine, Design, and Engage in the Perfect Customer Conversation",https://angel.co/layer,San Francisco,11-50,"$22,000,000",https://layer.com/,262548
489,Twitch,Social Video for Gamers,https://angel.co/twitch,San Francisco,501-1000,"$1,005,000,000",http://www.twitch.tv/,114142
492,Counsyl,an innovative tech company providing people w/ vital information about their bodies ,https://angel.co/counsyl,South San Francisco,201-500,"$32,900,000",https://www.counsyl.com/,35667
494,Kinsa,The world's smartest thermometer,https://angel.co/kinsa,San Francisco,11-50,"$28,600,000",http://www.kinsahealth.com,196730
495,AdStage,Connecting the Paid Marketer to the Data That They Need,https://angel.co/adstage,San Francisco,11-50,"$10,800,000",https://www.adstage.io,88378
497,Qordoba,The Qordoba Strings Intelligence Platform: Manage all the words in your products,https://angel.co/qordoba,San Francisco,11-50,"$10,000,000",http://Qordoba.com,191603
502,Chariot,"Your Commute, Solved",https://angel.co/chariot,San Francisco,51-200,"$3,000,000",http://www.chariot.com,369431
503,Bugsnag,Automatic crash detection for web and mobile apps,https://angel.co/bugsnag,San Francisco,11-50,"$8,600,000",https://bugsnag.com,122266
504,Envoy,Challenging the status quo of workplace technology.,https://angel.co/envoy,San Francisco,51-200,"$15,000,000",https://envoy.com,305102
507,TapFwd,Private data sharing between companies,https://angel.co/tapfwd,San Francisco,11-50,"$3,000,000",http://www.tapfwd.com,326510
508,Mixmax,Email reimagined.,https://angel.co/mixmax,San Francisco,11-50,"$1,500,000",http://mixmax.com,477880
509,ThirdLove,We believe fit should come first,https://angel.co/thirdlove-1,San Francisco,51-200,"$13,600,000",http://www.thirdlove.com,179848
510,Onfleet,Delightful Delivery Management,https://angel.co/onfleet,San Francisco,11-50,"$4,920,000",https://onfleet.com,97349
511,Scoot Networks,Electric Vehicles for Everyone,https://angel.co/scoot-networks,San Francisco,51-200,-,http://www.scoot.com,26336
512,Euclid,Illuminating identity and behavior for the physical world.,https://angel.co/euclid,San Francisco,11-50,"$43,600,000",https://geteuclid.com/,37902
513,UpCounsel,Making the legal experience remarkable,https://angel.co/upcounsel,San Francisco,11-50,"$13,900,000",http://www.upcounsel.com,75920
517,Luxe,On-demand valet parking and car services,https://angel.co/luxe-1,San Francisco,51-200,"$75,500,000",http://www.luxe.com/,378495
520,Fysical Labs,High Accuracy Location Data,https://angel.co/fysical,San Francisco,1-10,"$1,515,000",https://fysical.com/,622041
521,VoiceOps,AI for enterprise voice data,https://angel.co/voiceops,San Francisco,,-,https://voiceops.com,1204390
522,WorkStep,Job network for hourly workers,https://angel.co/workstep,San Francisco,1-10,-,https://www.workstep.com,4277247
524,Shippo,Helping businesses succeed through shipping,https://angel.co/shippo,San Francisco,51-200,"$31,025,000",https://goshippo.com,237002
525,Xendit,Payments infrastructure for South East Asia,https://angel.co/xendit,San Francisco,,-,http://xendit.co,603597
526,HOOKED,Machine learning for storytelling,https://angel.co/hookedapp,San Francisco,11-50,"$15,150,000",http://hooked.co,540696
528,Swift Navigation,Centimeter-accurate real-time kinematics (RTK) GPS positioning technology ,https://angel.co/swift-navigation,San Francisco,11-50,"$47,600,000",http://swiftnav.com/,294858
533,CircleUp,online marketplace for direct private equity investments,https://angel.co/circleup,San Francisco,51-200,"$53,000,000",http://circleup.com,58191
535,Notion,LEGO for Work,https://angel.co/notion-software,San Francisco,1-10,-,https://notion.so/product,160083
536,Superhuman,The fastest email experience ever made. Sign up now for VIP access.,https://angel.co/superhuman,San Francisco,11-50,-,https://superhuman.com,545598
540,True Link,Financial services for seniors,https://angel.co/true-link,San Francisco,11-50,"$7,000,000",https://www.truelinkfinancial.com/,241523
541,Rainforest,QA as a service - YC S12,https://angel.co/rainforest,San Francisco,51-200,"$41,000,000",https://www.rainforestqa.com/,100284
543,Tetra (YC W17),AI notetaker for meetings,https://angel.co/tetra,San Francisco,1-10,-,https://asktetra.com,3062473
545,Leapfin,Your Single Revenue Source of Truth,https://angel.co/leapfin,San Francisco,1-10,-,https://leapfin.com,736488
549,Huckleberry Insurance,-,https://angel.co/huckleberry-insurance,San Francisco,1-10,-,https://www.huckleberry.co,4140151
550,CircleCI,Continuous Integration and Deployment,https://angel.co/circleci,San Francisco,51-200,"$25,500,000",https://circleci.com,29008
552,brightwheel,The first mobile platform for early education,https://angel.co/brightwheel,San Francisco,11-50,"$12,800,000",http://www.mybrightwheel.com,469402
554,Front,The easiest way to work with shared team inboxes,https://angel.co/front,San Francisco,51-200,"$79,100,000",http://www.frontapp.com,326222
556,OhmConnect,Replacing power plants with software,https://angel.co/ohmconnect,San Francisco,11-50,-,https://www.ohmconnect.com,300404
557,Her,"Social app for lesbian, bisexual and queer women",https://angel.co/her-1,San Francisco,1-10,"$2,360,000",http://www.weareher.com,77848
558,beaconhome,startup in stealth mode,https://angel.co/beaconhome,San Francisco,11-50,-,http://beaconhome.io,938959
559,Nima,trust your food ,https://angel.co/nimalabs,San Francisco,11-50,"$17,200,000",http://www.nimasensor.com,251158
561,Gravity Group (previously Dil Mil),Fastest growing high-affinity dating platform,https://angel.co/gravitygroup,San Francisco,1-10,"$3,700,000",http://dilmil.co,378595
562,Castle Global,Rethinking products with machine learning. ,https://angel.co/castleglobal,San Francisco,11-50,"$18,100,000",http://castleglobal.com,150892
571,IFTTT,Do more with the services you love,https://angel.co/ifttt,San Francisco,11-50,"$37,000,000",https://ifttt.com,26564
574,CrowdFlower,The essential human-in-the-loop platform for data science teams,https://angel.co/crowdflower,San Francisco,51-200,"$38,000,000",http://www.crowdflower.com,32119
575,Ripple,"Instant, certain, low-cost cross-border payments.",https://angel.co/ripple-labs,San Francisco,51-200,"$86,500,000",http://www.ripple.com,197974
576,Pinterest,"Discover recipes, home ideas, style inspiration and other ideas to try.",https://angel.co/pinterest,San Francisco,501-1000,"$1,448,500,000",http://www.pinterest.com,281
578,Pomello,Data-Driven HR Platform,https://angel.co/pomello,San Francisco,1-10,"$28,000",http://www.pomello.com,646148
580,Revfluence,Scalable Content Powered by Influencers,https://angel.co/revfluence,San Francisco,11-50,"$2,400,000",http://www.revfluence.com/?utm_source=angellist,517211
582,Binti,Helping children join loving families,https://angel.co/binti,San Francisco,1-10,-,https://binti.com,355421
583,Mux,Build better video: Stream and measure video on any device,https://angel.co/mux,San Francisco,11-50,"$11,800,000",https://mux.com,2084485
584,Rocksbox,Transforming the way women discover and buy jewelry.,https://angel.co/rocksbox,San Francisco,11-50,"$10,200,000",http://www.rocksbox.com,81947
585,AnyRoad,Experience Relationship Management.,https://angel.co/anyroad,San Francisco,11-50,-,http://anyroad.com,111266
586,Orion,Orion is a platform for real-time voice communication everywhere. ,https://angel.co/orion-labs,San Francisco,11-50,"$33,500,000",https://www.orionlabs.io,183029
587,Taulia,"Connecting businesses to boost worldwide economic growth, one invoice at a time",https://angel.co/taulia,San Francisco,201-500,"$142,800,000",http://www.taulia.com,639
588,PlushCare,"Get diagnosed, treated, and prescribed medication by top doctors via smartphone now. ",https://angel.co/plushcare,San Francisco,11-50,"$8,880,000",http://www.plushcare.com,402108
594,Enki,Personalized continuous learning for tech skills,https://angel.co/enki,San Francisco,11-50,"$700,000",http://enki.com,667561
605,Particle,The full-stack Internet of Things platform. Connect your devices to the web.,https://angel.co/particle,San Francisco,11-50,"$30,400,000",https://www.particle.io,88813
607,Buffer,"Intuitive, streamlined social media management",https://angel.co/buffer,San Francisco,51-200,"$3,900,000",http://buffer.com,21604
608,Lob,Print and Mail API (YC S13),https://angel.co/lob,San Francisco,11-50,"$29,400,000",https://www.lob.com,167051
613,IfOnly,-,https://angel.co/ifonly,San Francisco,-,"$25,300,000",http://www.ifonly.com,285639
617,Plaid,Infrastructure and API's to power FinTech,https://angel.co/plaid,San Francisco,51-200,"$59,300,000",https://plaid.com,61714
623,Pocket Gems,Pioneering mobile games and entertainment,https://angel.co/pocket-gems,San Francisco,201-500,"$65,000,000",http://www.pocketgems.com,41212
624,Expa,Expa builds companies,https://angel.co/expa,San Francisco,11-50,"$150,000,000",http://www.expa.com,202539
628,Maker,Content engagement platform for commerce,https://angel.co/maker,San Francisco,1-10,-,http://maker.me/,79594
630,Yogome,Learning Games Platform for Kids,https://angel.co/yogome,San Francisco,-,-,http://yogome.com,58611
642,MixRank,Competitive Sales Intelligence,https://angel.co/mixrank,San Francisco,11-50,"$1,500,000",http://mixrank.com,26190
643,LendUp,We build products for the underbanked that improve financial health. ,https://angel.co/lendup,San Francisco,201-500,"$261,500,000",http://www.lendup.com,79622
647,Zinc,An Ecommerce Plumbing Company (YC W14),https://angel.co/zinc-technologies,San Francisco,11-50,-,https://zinc.io,496729
648,Hipcamp,Discover and book original camping experiences,https://angel.co/hipcamp,San Francisco,11-50,"$2,000,000",http://www.hipcamp.com/,215222
654,Looklive,Community and Marketplace for Men's fashion.,https://angel.co/looklive,San Francisco,1-10,-,https://www.looklive.com,1872365
656,Naytev,(YC S14) A/B testing for how content appears on social media,https://angel.co/naytev,San Francisco,1-10,"$1,300,000",http://www.naytev.com,359410
657,Clutter,Making the world more convenient.,https://angel.co/clutter,San Francisco,201-500,"$96,300,000",http://clutter.com,251943
659,Calm,Making the world happier and healthier through the superpower of Calm.,https://angel.co/calm,San Francisco,11-50,"$993,000",http://www.calm.com,89425
662,Bloc,Structured online training programs in software development and design.,https://angel.co/bloc,San Francisco,51-200,"$8,000,000",https://www.bloc.io,28772
663,BetterUp,Personalized leadership development for everyone,https://angel.co/betterup,San Francisco,51-200,"$12,900,000",http://www.betterup.co,416859
664,Unity Technologies,-,https://angel.co/unity-technologies,San Francisco,1001-5000,"$17,500,000",http://unity3d.com,38445
667,Chewse,Chewse delivers family-style office meals from the best local restaurants.,https://angel.co/chewse,San Francisco,11-50,"$16,000,000",https://www.chewse.com/,30557
671,NexTravel,Business Travel Made Simple,https://angel.co/nextravel,San Francisco,11-50,-,http://www.nextravel.com,665683
673,Mode,Collaborative Analytics Platform,https://angel.co/mode,San Francisco,51-200,"$10,425,000",http://modeanalytics.com,282640
674,Wefunder,"""Kickstarter for investing"".  Saving the American Dream for the next generation.",https://angel.co/wefunder,San Francisco,11-50,"$6,067,000",http://www.wefunder.com,75239
675,Gigster,Software development on-demand,https://angel.co/gigster,San Francisco,51-200,"$10,000,000",https://gigster.com,244177
676,Loom.ai,"Personalized expressive 3D avatars from photographs for chat, mobile AR, VR, e-commerce",https://angel.co/loomai,San Francisco,11-50,-,http://loom.ai,1111456
677,Republic,Invest in startups via Republic equity crowdfunding platform,https://angel.co/republic,San Francisco,11-50,-,https://republic.co,1105543
679,Scale API,API for human intelligence,https://angel.co/scaleapi,San Francisco,11-50,"$4,500,000",http://scaleapi.com,1160092
680,Bright,SolarCity for the developing world,https://angel.co/bright-3,San Francisco,1-10,"$4,240,000",http://thinkbright.mx,400547
683,Fitbit,-,https://angel.co/fitbit,San Francisco,-,"$66,000,000",http://www.fitbit.com,32178
684,Seed,Online Business Banking,https://angel.co/seed-8,San Francisco,11-50,"$5,000,000",https://seed.co,462906
685,Grove Collaborative,"Helping families create a healthy, beautiful environment in their homes",https://angel.co/grovecollab,San Francisco,11-50,"$44,700,000",http://www.grove.co,166017
686,Mystery Science,Open-and-go lessons that inspire kids to love science.,https://angel.co/mystery-science,San Francisco,11-50,-,http://mysteryscience.com,135064
689,Xola,Booking & Distribution Platform for Experience Providers. (Sabre for Activities).,https://angel.co/xola,San Francisco,11-50,"$6,800,000",http://www.xola.com,19935
690,Opencare,Your personal healthcare expert,https://angel.co/opencare,San Francisco,1-10,-,https://www.opencare.com,175143
692,8tracks,Internet radio curated by people | 5m MAU,https://angel.co/8tracks,San Francisco,11-50,"$5,100,000",http://8tracks.com,4741
696,Lenda,"We make home loans honest, fast, and completely online.",https://angel.co/lenda,San Francisco,11-50,"$9,000,000",https://www.lenda.com,214025
697,Triplebyte,Intelligent technical recruiting,https://angel.co/triplebyte,San Francisco,11-50,"$3,000,000",https://triplebyte.com,696603
700,UrbanSitter,Your community's most trusted babysitters and nannies. On-demand.,https://angel.co/urbansitter,San Francisco,11-50,"$22,400,000",https://www.urbansitter.com,21275
701,Standard Cyborg,The API for the Physical World,https://angel.co/standard-cyborg,San Francisco,1-10,-,http://standardcyborg.com,431970
702,Instaread,Enrich human lives through voice,https://angel.co/instaread,San Francisco,11-50,"$1,675,000",http://instaread.co,581757
705,Kelvin,Intelligent Control for Natural Resource Operations,https://angel.co/kelvin-6,San Francisco,11-50,-,http://kelvininc.com,183382
708,Zipline,Real-time Operations for Retail,https://angel.co/retailzipline,San Francisco,11-50,-,http://www.retailzipline.com,584082
709,Siftery,"Share products you use at work, explore what others are using",https://angel.co/siftery,San Francisco,11-50,"$4,000,000",https://siftery.com,867984
713,PlanGrid,Bridging the gap between good software and the construction industry,https://angel.co/plangrid,San Francisco,201-500,"$59,100,000",http://www.plangrid.com,85839
714,MURAL,Visual workspace that helps you design together,https://angel.co/mural,San Francisco,11-50,"$2,075,000",http://www.mural.co,23166
715,Instawork,Local jobs marketplace (YC S15),https://angel.co/instawork,San Francisco,,-,http://www.instawork.com,837595
717,Equidate,The stock market for private companies.,https://angel.co/equidate,San Francisco,11-50,"$3,500,000",https://equidateinc.com/,330569
718,Stripe,The new standard in online payments.,https://angel.co/stripe,San Francisco,1001-5000,"$343,000,000",https://stripe.com/,37232
719,Memebox,Beauty Full Stack E-Commerce,https://angel.co/memebox,San Francisco,51-200,"$156,200,000",http://us.memebox.com,431924
725,Gridspace,Software that understands and automates real-time conversation,https://angel.co/gridspace,San Francisco,11-50,-,http://www.gridspace.com/,523636
728,Fleksy,"Touch typing, re-invented",https://angel.co/fleksy,San Francisco,11-50,"$5,900,000",http://fleksy.com/,103541
738,App.io,Interactive streaming like never before.,https://angel.co/app-io,San Francisco,1-10,"$1,180,000",http://app.io,102051
740,Close.io,Inside Sales Communication Platform. Helps sales people close more deals. Y Combinator.,https://angel.co/close-io,San Francisco,11-50,-,http://close.io/,103032
743,Joist,Estimating & Invoicing Tool for Contractors,https://angel.co/joist,San Francisco,11-50,-,http://www.joist.com,103703
746,Dealflicks,Priceline for movie tickets,https://angel.co/dealflicks,San Francisco,11-50,"$4,600,000",http://www.dealflicks.com,104489
753,Discoverly,Put Social to Work,https://angel.co/discoverly,San Francisco,1-10,"$750,000",http://Discover.ly,104133
754,BeRecruited,LinkedIn/Match.com for College Athletic Recruiting,https://angel.co/berecruited,San Francisco,11-50,"$1,200,000",http://berecruited.com,103791
759,Sense,Enterprise Data Science Platform,https://angel.co/sense,San Francisco,1-10,"$11,260,000",https://sense.io,105875
761,Meldium,Account & password manager for teams (YC W13),https://angel.co/meldium,San Francisco,11-50,"$16,000,000",https://www.meldium.com,106374
767,OLSET,OLSET - Personalized Travel Booking,https://angel.co/olset,San Francisco,1-10,"$2,815,000",http://www.olset.com,106081
769,Plympton,Digital Publisher and Distributor,https://angel.co/plympton,San Francisco,1-10,"$80,000",http://plympton.com,108489
770,Partnered,The company-to-company business development network connecting startups and brands,https://angel.co/partnered,San Francisco,1-10,"$1,098,400",http://partnered.com,108524
773,Mango Health,Mobile health company inspiring patients with chronic conditions to lead healthier lives.,https://angel.co/mango-health,San Francisco,11-50,"$8,300,000",http://www.mangohealth.com,112863
780,Xockets,Acceleration appliances for Big Data analytics,https://angel.co/xockets,San Francisco,1-10,-,http://xockets.com,114527
781,Celery,Accept Pre-Orders Easily,https://angel.co/celery-5,San Francisco,11-50,"$2,300,000",https://www.trycelery.com,114450
782,Kamcord,(YC S12),https://angel.co/kamcord,San Francisco,11-50,"$37,250,000",http://kamcord.com,115146
784,NoRedink,Adaptive learning tool that helps students improve their grammar/writing skills.,https://angel.co/noredink,San Francisco,11-50,"$8,000,000",http://www.noredink.com,115616
789,FlightCar,Travel made convienent,https://angel.co/flightcar,San Francisco,51-200,"$40,410,000",https://www.flightcar.com,117187
790,Grow Mobile,A single mobile ad buying solution across networks with ROI analytics and optimization.  ,https://angel.co/grow-mobile,San Francisco,-,"$43,000,000",http://www.growmobile.com,117240
798,Foundersuite,Productivity tools for the world's 400M entrepreneurs.,https://angel.co/foundersuite,San Francisco,1-10,-,http://www.foundersuite.com,117816
804,Bitnami,"Easy to use cloud images, containers, and VMs that work on any platform.",https://angel.co/bitnami,San Francisco,51-200,-,https://bitnami.com,108348
806,Famous.AF / Stolen,Be the biggest fan of your favorite people on Twitter!,https://angel.co/famousaf,San Francisco,11-50,"$5,500,000",http://famous.af,108911
2,Princeton Ventures,Princeton Ventures leads growth equity investments of $10 million to over $100 million.,https://angel.co/princeton-ventures,Princeton,1-10,-,http://www.princetonventures.com,3365754
409,Princeton Ventures,Princeton Ventures leads growth equity investments of $10 million to over $100 million.,https://angel.co/princeton-ventures,Princeton,1-10,-,http://www.princetonventures.com,3365754
6,SoundBetter,Music Services Marketplace,https://angel.co/soundbetter,New York City,1-10,-,https://soundbetter.com,250019
11,RevCascade,Marketplace automation for brands and retailers,https://angel.co/revcascade,New York City,1-10,-,http://www.revcascade.com,669329
24,Paintzen,Online Marketplace For Home and Office Painting,https://angel.co/paintzen,New York City,11-50,"$9,220,000",http://www.paintzen.com,208839
32,StockTwits,Social network for investors and stock traders,https://angel.co/stocktwits,New York City,11-50,"$10,600,000",http://stocktwits.com/,32462
35,CareDox,Care coordination platform for parents and schools,https://angel.co/caredox,New York City,11-50,"$6,050,000",http://caredox.com/,5084
45,Enchanted Diamonds,The modern luxury jeweler,https://angel.co/enchanted-diamonds,New York City,1-10,-,http://www.enchanteddiamonds.com,134149
46,Abacus,Real time expense reporting. Making expense reports ancient history. ,https://angel.co/abacus,New York City,11-50,"$3,500,000",http://abacus.com,187453
50,Goldbely,Marketplace for Artisan & Specialty Food ,https://angel.co/goldbely,New York City,11-50,"$13,000,000",https://www.goldbely.com,127378
51,Feather (YC S17),Modern-day furniture rentals for people on the move,https://angel.co/feather,New York City,11-50,"$3,500,000",http://rentfeather.com,3996376
56,FaithStreet,Outreach and giving platform for congregations,https://angel.co/faithstreet,New York City,11-50,"$1,100,000",http://www.faithstreet.com,25024
57,Spring,Creating the world's best mobile shopping experience.,https://angel.co/spring-3,New York City,51-200,"$32,500,000",https://www.shopspring.com/,274588
62,Triplemint,The refreshingly simple way to find your home,https://angel.co/triplemint,New York City,11-50,"$6,500,000",http://www.triplemint.com,68512
73,WayBetter,Bet on yourself!,https://angel.co/waybetter,New York City,11-50,"$4,750,000",http://www.waybetter.com,87270
83,Toymail,The mobile phone re-imagined for kids,https://angel.co/toymail-co,New York City,1-10,-,http://www.toymail.co,324450
99,CardFlight,Accept EMV chip card payments in any mobile app,https://angel.co/cardflight,New York City,11-50,"$5,800,000",https://CardFlight.com,187767
105,Pathgather,Next-generation learning for enterprise (Techstars '14),https://angel.co/pathgather,New York City,11-50,"$3,618,000",http://www.pathgather.com,171573
139,Latch,Smart access.,https://angel.co/latch-2,New York City,51-200,"$26,000,000",http://www.Latch.com,698264
143,B12,Human-assisted AI for web design,https://angel.co/b12,New York City,11-50,"$12,400,000",https://b12.io/,806019
161,x.ai,x.ai  is a personal assistant who schedules meetings for you.,https://angel.co/x-ai,New York City,51-200,"$34,300,000",http://x.ai,396021
169,Codecademy,The Easiest Way to Learn to Code,https://angel.co/codecademy,New York City,11-50,"$42,500,000",http://www.codecademy.com/,57028
170,Jukely,Get into a different concert every week from $25/mo,https://angel.co/jukely,New York City,11-50,"$11,300,000",http://jukely.com,111636
177,boldstart ventures,first check. enterprise founders. seed vc,https://angel.co/boldstart-ventures,New York City,1-10,"$47,000,000",http://www.boldstart.vc,104708
185,Hornet Networks,Gay Social Network,https://angel.co/hornet,New York City,51-200,"$8,000,000",http://www.gethornet.com,103002
187,StrikeAd,-,https://angel.co/strikead,New York City,-,"$7,003,898",http://www.strikead.com,103776
203,Aereo,-,https://angel.co/aereo,New York City,-,"$97,000,000",http://aereo.com/home,104495
232,Clothes Horse,Clothes Horse solves the problem of buying clothes online that fit.,https://angel.co/clothes-horse,New York City,1-10,-,https://www.clotheshor.se,116874
252,Tiger Global,International private equity investor,https://angel.co/tiger-global,New York City,-,-,http://www.tiger-global.co.uk/,109357
263,Plated,Cook More. Live Better.,https://angel.co/plated,New York City,501-1000,"$56,400,000",https://www.plated.com/,152115
270,Cover,Dine without waiting for the check.,https://angel.co/cover,New York City,11-50,"$5,500,000",http://www.paywithcover.com/,151433
272,SevenFifty,Web platform for wholesale wine/spirits/beer industry,https://angel.co/sevenfifty,New York City,11-50,"$8,500,000",http://www.sevenfifty.com,148174
288,Citia,Revolutionary Content Operating System,https://angel.co/citia,New York City,11-50,"$2,800,000",http://www.citia.com,182776
297,BoxC,Cross-Border Shipping. Simply.,https://angel.co/boxc,New York City,1-10,"$1,700,000",https://www.boxc.com,175496
306,White Star Capital,White Star Capital invests in early-stage companies to help them scale internationally. ,https://angel.co/white-star-capital,New York City,1-10,-,http://www.whitestarvc.com,177466
309,Apprenda,Private PaaS Enablement,https://angel.co/apprenda-1,New York City,11-50,"$39,000,000",http://www.apprenda.com,179540
310,Blue Apron,We make cooking fun & easy.  We deliver recipes and all the ingredients you need.,https://angel.co/blue-apron,New York City,1001-5000,"$293,000,000",http://www.blueapron.com,125515
313,OKpanda,Helping the World Learn English,https://angel.co/okpanda,New York City,1-10,"$3,000,000",http://okpanda.com,125912
325,Nomi,Helping retailers bridge the gap between online and offline,https://angel.co/nomi,New York City,11-50,"$41,000,000",http://www.nomi.com,125432
334,Vocap Ventures,Early & Growth-stage VC,https://angel.co/vocap-ventures,New York City,1-10,-,http://www.vocapventures.com,124979
344,Artivest,A Higher Standard,https://angel.co/artivest,New York City,11-50,"$15,000,000",http://artivest.co,132880
350,meta,Most advanced computer glasses in the cosmos,https://angel.co/meta-1,New York City,1-10,"$23,000,000",http://www.meta-view.com,184657
354,Rearden Capital Management,-,https://angel.co/rearden-capital-management-1,New York City,1-10,-,http://reardencapital.com/,159119
375,Voyat,guest retention platform for hotels,https://angel.co/voyat,New York City,11-50,"$1,800,000",http://voyat.com,175664
390,New York Angels,-,https://angel.co/new-york-angels,New York City,1-10,-,http://newyorkangels.com,167393
397,EVELO Electric Bicycles,Smart Electric Bicycles Delivered to Your Door,https://angel.co/evelo,New York City,11-50,"$750,000",http://www.evelo.com,113751
420,Pilotworks,We help people start and scale quality food brands.,https://angel.co/pilotworks,New York City,11-50,"$15,100,000",https://www.thepilotworks.com,841426
431,Morty,Your smart home mortgage. We're hiring!,https://angel.co/morty,New York City,1-10,"$3,000,000",http://www.himorty.com,1450851
446,MakeSpace,Your Closet in the Cloud,https://angel.co/makespace,New York City,1-10,"$56,800,000",https://makespace.com,260840
451,Common,City living made better.,https://angel.co/common-living,New York City,51-200,"$63,350,000",https://www.common.com,906665
471,Bstow,Bstow is revolutionizing fundraising software for nonprofits and churches.,https://angel.co/bstow,New York City,11-50,"$285,000",https://www.bstow.com,730774
484,Perch Interactive,Revolutionary Interactive Technology for Retail,https://angel.co/perch-interactive,New York City,11-50,"$1,550,000",http://www.perchinteractive.com,155959
490,Pilot,We’re rewriting the ABCs of ISPs.  ,https://angel.co/pilot-5,New York City,51-200,"$33,075,000",http://pilotfiber.com,398608
498,AdHawk,Your Digital Advertising Assistant (Techstars 2015),https://angel.co/adhawk,New York City,11-50,"$1,400,000",https://www.tryadhawk.com,629574
501,Managed by Q,The Platform for Office Management,https://angel.co/managed-by-q,New York City,51-200,"$72,925,000",http://www.managedbyq.com,348469
519,Teachable,Create and Sell Beautiful Online Courses,https://angel.co/teachable,New York City,51-200,"$8,500,000",https://teachable.com,353230
527,Zeel,Massage On Demand,https://angel.co/zeel,New York City,51-200,"$13,200,000",http://www.zeel.com,13071
532,Newsela,Daily news at 5 reading levels,https://angel.co/newsela,New York City,51-200,"$20,300,000",http://newsela.com/,238628
548,Oscar Insurance,"Leveraging technology and data to make insurance simple, intuitive, and human. ",https://angel.co/oscar-insurance,New York City,201-500,"$727,500,000",http://www.hioscar.com,399838
551,Stay Wanderful,Instant Gratification - Revolutionizing rewards programs (no more points fatigue) ,https://angel.co/staywanderful,New York City,11-50,-,http://www.staywanderful.com,668990
553,Fullstack Academy,Modern CS education,https://angel.co/fullstack-academy,New York City,11-50,-,http://www.fullstackacademy.com,238387
560,Enigma,Connecting the dots in the world of big data,https://angel.co/enigma-data,New York City,51-200,"$33,800,000",http://www.enigma.com,129914
565,x.ai,x.ai  is a personal assistant who schedules meetings for you.,https://angel.co/x-ai,New York City,51-200,"$34,300,000",http://x.ai,396021
572,SoundBetter,Music Services Marketplace,https://angel.co/soundbetter,New York City,1-10,-,https://soundbetter.com,250019
577,RevCascade,Marketplace automation for brands and retailers,https://angel.co/revcascade,New York City,1-10,-,http://www.revcascade.com,669329
590,Paintzen,Online Marketplace For Home and Office Painting,https://angel.co/paintzen,New York City,11-50,"$9,220,000",http://www.paintzen.com,208839
596,StockTwits,Social network for investors and stock traders,https://angel.co/stocktwits,New York City,11-50,"$10,600,000",http://stocktwits.com/,32462
599,CareDox,Care coordination platform for parents and schools,https://angel.co/caredox,New York City,11-50,"$6,050,000",http://caredox.com/,5084
609,Enchanted Diamonds,The modern luxury jeweler,https://angel.co/enchanted-diamonds,New York City,1-10,-,http://www.enchanteddiamonds.com,134149
610,Abacus,Real time expense reporting. Making expense reports ancient history. ,https://angel.co/abacus,New York City,11-50,"$3,500,000",http://abacus.com,187453
614,Goldbely,Marketplace for Artisan & Specialty Food ,https://angel.co/goldbely,New York City,11-50,"$13,000,000",https://www.goldbely.com,127378
615,Feather (YC S17),Modern-day furniture rentals for people on the move,https://angel.co/feather,New York City,11-50,"$3,500,000",http://rentfeather.com,3996376
620,FaithStreet,Outreach and giving platform for congregations,https://angel.co/faithstreet,New York City,11-50,"$1,100,000",http://www.faithstreet.com,25024
621,Spring,Creating the world's best mobile shopping experience.,https://angel.co/spring-3,New York City,51-200,"$32,500,000",https://www.shopspring.com/,274588
626,Triplemint,The refreshingly simple way to find your home,https://angel.co/triplemint,New York City,11-50,"$6,500,000",http://www.triplemint.com,68512
635,WayBetter,Bet on yourself!,https://angel.co/waybetter,New York City,11-50,"$4,750,000",http://www.waybetter.com,87270
645,Toymail,The mobile phone re-imagined for kids,https://angel.co/toymail-co,New York City,1-10,-,http://www.toymail.co,324450
660,CardFlight,Accept EMV chip card payments in any mobile app,https://angel.co/cardflight,New York City,11-50,"$5,800,000",https://CardFlight.com,187767
666,Pathgather,Next-generation learning for enterprise (Techstars '14),https://angel.co/pathgather,New York City,11-50,"$3,618,000",http://www.pathgather.com,171573
695,Latch,Smart access.,https://angel.co/latch-2,New York City,51-200,"$26,000,000",http://www.Latch.com,698264
699,B12,Human-assisted AI for web design,https://angel.co/b12,New York City,11-50,"$12,400,000",https://b12.io/,806019
723,Codecademy,The Easiest Way to Learn to Code,https://angel.co/codecademy,New York City,11-50,"$42,500,000",http://www.codecademy.com/,57028
724,Jukely,Get into a different concert every week from $25/mo,https://angel.co/jukely,New York City,11-50,"$11,300,000",http://jukely.com,111636
731,boldstart ventures,first check. enterprise founders. seed vc,https://angel.co/boldstart-ventures,New York City,1-10,"$47,000,000",http://www.boldstart.vc,104708
739,Hornet Networks,Gay Social Network,https://angel.co/hornet,New York City,51-200,"$8,000,000",http://www.gethornet.com,103002
741,StrikeAd,-,https://angel.co/strikead,New York City,-,"$7,003,898",http://www.strikead.com,103776
757,Aereo,-,https://angel.co/aereo,New York City,-,"$97,000,000",http://aereo.com/home,104495
774,EVELO Electric Bicycles,Smart Electric Bicycles Delivered to Your Door,https://angel.co/evelo,New York City,11-50,"$750,000",http://www.evelo.com,113751
787,Clothes Horse,Clothes Horse solves the problem of buying clothes online that fit.,https://angel.co/clothes-horse,New York City,1-10,-,https://www.clotheshor.se,116874
807,Tiger Global,International private equity investor,https://angel.co/tiger-global,New York City,-,-,http://www.tiger-global.co.uk/,109357
7,Airtime,All Together Now,https://angel.co/airtime,Brooklyn,11-50,"$41,750,000",https://airtime.com/,71915
172,Paribus,"Get money when prices drop, effortlessly",https://angel.co/paribusco,Brooklyn,11-50,-,https://paribus.co/,681264
573,Airtime,All Together Now,https://angel.co/airtime,Brooklyn,11-50,"$41,750,000",https://airtime.com/,71915
726,Paribus,"Get money when prices drop, effortlessly",https://angel.co/paribusco,Brooklyn,11-50,-,https://paribus.co/,681264
13,HackerRank,Match every developer to the right job!,https://angel.co/hackerrank,Palo Alto,51-200,"$19,900,000",https://hackerrank.com,411231
25,RealCrowd,Platform For Accredited Crowd Investing in Commercial Real Estate ,https://angel.co/realcrowd,Palo Alto,11-50,"$1,600,000",http://realcrowd.com,163519
54,HealthTap,-,https://angel.co/healthtap,Palo Alto,51-200,"$38,250,000",http://www.healthtap.com,34401
67,StartX,The @Stanford Startup Accelerator ,https://angel.co/startx,Palo Alto,11-50,-,http://startx.stanford.edu,42984
77,Base CRM,The next generation of CRM software. Made for people,https://angel.co/base-crm,Palo Alto,51-200,"$52,900,000",http://www.getbase.com,154
92,Arthena,Invest in Art Online (YC W17),https://angel.co/arthena,Palo Alto,1-10,-,https://arthena.com,377089
138,Konsus,On-Demand Business Support,https://angel.co/konsushq,Palo Alto,51-200,"$1,500,000",http://www.konsus.com,478147
148,Carta,Modern Equity Management,https://angel.co/eshares,Palo Alto,201-500,"$67,550,000",http://www.carta.com,115777
198,Alminder,"Mobile, smart, contextual Calendaring",https://angel.co/alminder,Palo Alto,1-10,"$1,525,000",http://mynd.me,104021
208,Arc,YCombinator robotics startup,https://angel.co/arc-1,Palo Alto,1-10,-,http://www.arccameras.com,106017
210,Version One Ventures,version one ventures is a seed fund investing in companies leveraging network effects,https://angel.co/version-one-ventures,Palo Alto,,"$35,000,000",http://www.versionone.vc,106386
223,MicroEval,Modern Performance Reviews,https://angel.co/microeval,Palo Alto,-,-,http://microeval.com,114442
253,Meritech Capital,The brand name in late stage venture.,https://angel.co/meritech-capital,Palo Alto,1-10,-,http://www.meritechcapital.com/,112644
262,Cyphort,Cyber Security,https://angel.co/cyphort,Palo Alto,51-200,"$53,700,000",http://www.cyphort.com,152556
311,MixerBox,Universal music player,https://angel.co/mixerbox,Palo Alto,1-10,-,http://mixerbox.com,125553
318,Assembled,Connecting Professionals Around the World,https://angel.co/hx,Palo Alto,1-10,-,http://www.assembled.com,126579
392,Maven Ventures,The leading Seed venture fund for emerging consumer software startups,https://angel.co/maven-ventures,Palo Alto,1-10,-,http://mavenventures.com,167163
413,Palantir Technologies,Making products for human-driven analysis of real-world data,https://angel.co/palantir-technologies,Palo Alto,1-10,"$2,505,200,000",http://www.palantir.com,33645
444,wikiHow,Teaching every person on the planet how to do anything,https://angel.co/wikihow,Palo Alto,11-50,-,http://www.wikihow.com,33313
445,HDS,Defining the next generation of ecommerce,https://angel.co/home-delivery-service,Palo Alto,1-10,-,http://www.hdsglobal.com/,66236
461,Qventus,Optimizing hospital operations,https://angel.co/qventus,Palo Alto,11-50,"$13,000,000",http://www.qventus.com,359662
485,Piazza,An online platform where students and instructors come together to learn and teach. ,https://angel.co/piazza,Palo Alto,11-50,"$15,500,000",http://www.piazza.com,43975
505,Spry Health,Continuous vital monitoring for improved chronic disease management,https://angel.co/spryhealth,Palo Alto,11-50,-,http://www.spryhealth.com,272247
547,Robinhood,Democratizing America’s financial system,https://angel.co/robinhood,Palo Alto,51-200,"$176,000,000",http://www.robinhood.com,227792
579,HackerRank,Match every developer to the right job!,https://angel.co/hackerrank,Palo Alto,51-200,"$19,900,000",https://hackerrank.com,411231
591,RealCrowd,Platform For Accredited Crowd Investing in Commercial Real Estate ,https://angel.co/realcrowd,Palo Alto,11-50,"$1,600,000",http://realcrowd.com,163519
618,HealthTap,-,https://angel.co/healthtap,Palo Alto,51-200,"$38,250,000",http://www.healthtap.com,34401
631,StartX,The @Stanford Startup Accelerator ,https://angel.co/startx,Palo Alto,11-50,-,http://startx.stanford.edu,42984
639,Base CRM,The next generation of CRM software. Made for people,https://angel.co/base-crm,Palo Alto,51-200,"$52,900,000",http://www.getbase.com,154
653,Arthena,Invest in Art Online (YC W17),https://angel.co/arthena,Palo Alto,1-10,-,https://arthena.com,377089
694,Konsus,On-Demand Business Support,https://angel.co/konsushq,Palo Alto,51-200,"$1,500,000",http://www.konsus.com,478147
704,Carta,Modern Equity Management,https://angel.co/eshares,Palo Alto,201-500,"$67,550,000",http://www.carta.com,115777
752,Alminder,"Mobile, smart, contextual Calendaring",https://angel.co/alminder,Palo Alto,1-10,"$1,525,000",http://mynd.me,104021
762,Arc,YCombinator robotics startup,https://angel.co/arc-1,Palo Alto,1-10,-,http://www.arccameras.com,106017
764,Version One Ventures,version one ventures is a seed fund investing in companies leveraging network effects,https://angel.co/version-one-ventures,Palo Alto,,"$35,000,000",http://www.versionone.vc,106386
778,MicroEval,Modern Performance Reviews,https://angel.co/microeval,Palo Alto,-,-,http://microeval.com,114442
15,Freebird,Travel empowered,https://angel.co/getfreebird,Cambridge,11-50,"$8,500,000",http://www.getfreebird.com,881502
76,Formlabs,High resolution 3D printing. Designed for your desktop.,https://angel.co/formlabs,Cambridge,201-500,"$58,600,000",http://formlabs.com,25991
221,Bluetrain.io,Cloud CMS for Developers,https://angel.co/bluetrain-io,Cambridge,1-10,"$1,530,000",http://www.bluetrain.io,113802
347,Squadle,Automating operations workflow for the $4.5T mult-unit retail industry,https://angel.co/squadle,Cambridge,1-10,"$1,000,000",http://squadle.com,184201
369,Summer@Highland,Student entrepreneur program,https://angel.co/summer-highland,Cambridge,1-10,-,http://summer.hcp.com/,176305
581,Freebird,Travel empowered,https://angel.co/getfreebird,Cambridge,11-50,"$8,500,000",http://www.getfreebird.com,881502
638,Formlabs,High resolution 3D printing. Designed for your desktop.,https://angel.co/formlabs,Cambridge,201-500,"$58,600,000",http://formlabs.com,25991
776,Bluetrain.io,Cloud CMS for Developers,https://angel.co/bluetrain-io,Cambridge,1-10,"$1,530,000",http://www.bluetrain.io,113802
23,Thunder,"Enable digital marketing creative agility, personalization, and optimization.",https://angel.co/thunder,Bellevue,51-200,"$9,700,000",http://makethunder.com/,32865
100,OfferUp,buy. sell. simple.  ,https://angel.co/offerup,Bellevue,51-200,"$119,000,000",http://www.offerupnow.com,31963
589,Thunder,"Enable digital marketing creative agility, personalization, and optimization.",https://angel.co/thunder,Bellevue,51-200,"$9,700,000",http://makethunder.com/,32865
661,OfferUp,buy. sell. simple.  ,https://angel.co/offerup,Bellevue,51-200,"$119,000,000",http://www.offerupnow.com,31963
27,TRED,Where trusted car buyers and sellers connect,https://angel.co/tred,Seattle,11-50,-,https://www.tred.com,96232
147,Apptentive,We help companies communicate better with their mobile customers.,https://angel.co/apptentive,Seattle,11-50,"$10,115,000",http://www.apptentive.com,21073
182,Blue Box,Cloud Hosting and Managed Services For The Internet's Critical Apps,https://angel.co/blue-box,Seattle,51-200,"$31,700,000",http://blueboxcloud.com,106445
230,Shift Labs,Well-designed medical devices for fast-growing healthcare sectors,https://angel.co/shift-labs,Seattle,1-10,-,http://www.shiftlabs.com,115991
259,SpaceCurve,-,https://angel.co/spacecurve,Seattle,-,"$12,300,000",http://www.spacecurve.com,150512
281,SkyKick,Cloud Management for Partners,https://angel.co/skykick,Seattle,51-200,"$21,700,000",http://www.skykick.com,148325
456,Moment,"Photography gear, travel, and inspiration",https://angel.co/moment-2,Seattle,11-50,"$4,700,000",https://www.shopmoment.com/,372632
593,TRED,Where trusted car buyers and sellers connect,https://angel.co/tred,Seattle,11-50,-,https://www.tred.com,96232
703,Apptentive,We help companies communicate better with their mobile customers.,https://angel.co/apptentive,Seattle,11-50,"$10,115,000",http://www.apptentive.com,21073
736,Blue Box,Cloud Hosting and Managed Services For The Internet's Critical Apps,https://angel.co/blue-box,Seattle,51-200,"$31,700,000",http://blueboxcloud.com,106445
785,Shift Labs,Well-designed medical devices for fast-growing healthcare sectors,https://angel.co/shift-labs,Seattle,1-10,-,http://www.shiftlabs.com,115991
30,Ambassador,End-to-end platform for Relationship Marketing,https://angel.co/ambassador,Detroit,11-50,"$2,350,000",http://getambassador.com,12106
48,Lunar Wireless,Mobile without a monthly bill.,https://angel.co/lunar-labs,Detroit,1-10,"$4,400,000",https://lunarwireless.com/,497293
52,Mason,"Build, deploy, and scale connected mobile products. ",https://angel.co/masonamerica,Detroit,1-10,-,http://www.bymason.com,632912
180,Quikly,A digital marketing platform that motivates consumers to react...Quikly.,https://angel.co/quikly,Detroit,11-50,"$5,613,396",http://www.quikly.com,105593
374,LevelEleven,Enterprise gamification software,https://angel.co/leveleleven,Detroit,1-10,"$3,500,000",http://leveleleven.com,173614
595,Ambassador,End-to-end platform for Relationship Marketing,https://angel.co/ambassador,Detroit,11-50,"$2,350,000",http://getambassador.com,12106
612,Lunar Wireless,Mobile without a monthly bill.,https://angel.co/lunar-labs,Detroit,1-10,"$4,400,000",https://lunarwireless.com/,497293
616,Mason,"Build, deploy, and scale connected mobile products. ",https://angel.co/masonamerica,Detroit,1-10,-,http://www.bymason.com,632912
734,Quikly,A digital marketing platform that motivates consumers to react...Quikly.,https://angel.co/quikly,Detroit,11-50,"$5,613,396",http://www.quikly.com,105593
34,Aella Credit,Instant Credit Solutions for Africans,https://angel.co/aella-credit,Mountain View,11-50,-,http://www.aellacredit.com,1816586
79,Pure Storage,-,https://angel.co/pure-storage,Mountain View,-,"$534,856,500",http://www.purestorage.com/,68615
137,Kiwi Crate,Delivering hands-on creative fun & learning to young makers,https://angel.co/kiwi-crate,Mountain View,11-50,"$7,000,000",http://www.kiwicrate.com,46361
195,HighlightCam,Automatically edits videos and images on your phone,https://angel.co/highlightcam,Mountain View,11-50,"$3,000,000",http://highlightcam.com,103843
206,Tubular Labs,The Standard for Video Intelligence,https://angel.co/tubular-labs,Mountain View,11-50,"$20,750,000",http://www.tubularlabs.com,105740
241,dakwak,Effortless website translation and localization technology,https://angel.co/dakwak,Mountain View,1-10,"$600,000",http://www.dakwak.com,116466
250,Swipp,Swipp Turns Social Media Into Leads and Sales.,https://angel.co/swipp,Mountain View,11-50,"$5,500,000",http://www.swipp.com,109504
322,Tindie,A community marketplace for hardware creators and enthusiasts,https://angel.co/tindie,Mountain View,1-10,"$500,000",https://www.tindie.com/,127715
355,H/F Next Fund,One investment. Top 17 startups.,https://angel.co/h-f-next-fund,Mountain View,11-50,"$575,000",http://hf.cx/invest,159466
365,Rockmelt,re-imagine the browser,https://angel.co/rockmelt,Mountain View,-,"$39,875,000",http://www.rockmelt.com,100623
384,CollegeFeed,The world's most efficient college recruiting platform,https://angel.co/collegefeed,Mountain View,11-50,"$1,800,000",http://www.collegefeed.com,165462
389,Hydrazine Capital,Early stage investments,https://angel.co/hydrazine-capital,Mountain View,-,-,-,166597
447,LogDNA,Easy beautiful logging in the cloud (YC W15),https://angel.co/logdna,Mountain View,1-10,"$8,300,000",https://www.logdna.com,242134
455,Datatron,Enterprise AI Platform,https://angel.co/datatron,Mountain View,11-50,-,http://datatron.com,944260
460,Diffbot,We structure the world's knowledge,https://angel.co/diffbot,Mountain View,1-10,"$10,000,000",http://www.diffbot.com,29586
487,Mashgin,Reinventing the checkout experience,https://angel.co/mashgin,Mountain View,11-50,-,http://www.mashgin.com,604691
500,Bitaccess,We make Bitcoin Simple,https://angel.co/bitaccess,Mountain View,11-50,-,http://www.bitaccess.ca,348401
529,500 Startups,500 Startups is a seed fund & a network of startup programs in Silicon Valley,https://angel.co/500startups,Mountain View,51-200,"$73,900,000",http://500.co,1124
598,Aella Credit,Instant Credit Solutions for Africans,https://angel.co/aella-credit,Mountain View,11-50,-,http://www.aellacredit.com,1816586
641,Pure Storage,-,https://angel.co/pure-storage,Mountain View,-,"$534,856,500",http://www.purestorage.com/,68615
693,Kiwi Crate,Delivering hands-on creative fun & learning to young makers,https://angel.co/kiwi-crate,Mountain View,11-50,"$7,000,000",http://www.kiwicrate.com,46361
749,HighlightCam,Automatically edits videos and images on your phone,https://angel.co/highlightcam,Mountain View,11-50,"$3,000,000",http://highlightcam.com,103843
760,Tubular Labs,The Standard for Video Intelligence,https://angel.co/tubular-labs,Mountain View,11-50,"$20,750,000",http://www.tubularlabs.com,105740
796,dakwak,Effortless website translation and localization technology,https://angel.co/dakwak,Mountain View,1-10,"$600,000",http://www.dakwak.com,116466
805,Swipp,Swipp Turns Social Media Into Leads and Sales.,https://angel.co/swipp,Mountain View,11-50,"$5,500,000",http://www.swipp.com,109504
36,Chegg,-,https://angel.co/chegg,Santa Clara,201-500,"$221,300,002",http://www.chegg.com,32100
496,Chai,Democratizing Biotechnology,https://angel.co/chai,Santa Clara,11-50,"$2,800,000",https://www.chaibio.com,553044
600,Chegg,-,https://angel.co/chegg,Santa Clara,201-500,"$221,300,002",http://www.chegg.com,32100
39,Neoteny 3,-,https://angel.co/neoteny-3,Boston,1-10,-,,1900230
40,Mendix,"The app platform company for the enterprise: build, integrate and deploy fast.",https://angel.co/mendix,Boston,51-200,"$38,000,000",http://www.mendix.com,45656
42,Sample6,-,https://angel.co/sample6,Boston,-,"$29,450,000",http://www.sample6.com,273565
91,Klaviyo,Changing how businesses send email.,https://angel.co/klaviyo,Boston,51-200,"$1,500,000",http://www.klaviyo.com,98145
142,BISON,Changing how you see private equity,https://angel.co/bison,Boston,11-50,"$1,235,000",http://www.bison.co,27212
154,Panorama Education,Helping schools improve through data analytics,https://angel.co/panorama-education,Boston,51-200,"$16,000,000",http://panoramaed.com,256206
156,Renoviso,Ecommerce for home renovation projects,https://angel.co/renoviso,Boston,11-50,"$11,900,000",https://renoviso.com,685058
168,Airfox,Access to financial services for the unbanked in emerging markets,https://angel.co/airfox,Boston,11-50,-,http://www.airfox.com,1026636
188,Raptor Ventures,-,https://angel.co/raptor-ventures,Boston,-,-,http://www.raptorventures.com,102596
236,Saverr Mobile,Consumers saving together,https://angel.co/saverr-mobile,Boston,1-10,"$795,000",http://www.cartcrunch.com,117448
268,Bridge Boys,Building great companies with our friends,https://angel.co/bridge-boys,Boston,1-10,-,,150517
282,CloudHealth Technologies,Policy Driven Cloud Management,https://angel.co/cloudhealth-technologies,Boston,11-50,"$85,700,000",http://www.cloudhealthtech.com,179614
286,BuysideFX,"FX Trading so Powerful, it's Simple.",https://angel.co/buysidefx,Boston,11-50,"$3,500,000",http://www.buysidefx.com,182541
328,Blank Label,When Custom Disrupts Off-the-Rack,https://angel.co/blank-label,Boston,11-50,"$500,000",http://www.BlankLabel.com,125563
341,MachineShop,APIs for the Internet of Everything,https://angel.co/machineshop,Boston,1-10,-,http://www.machineshop.io,128151
368,Dragon Innovation,We make hardware look easy,https://angel.co/dragon-innovation,Boston,11-50,"$2,600,000",http://www.dragoninnovation.com/,174687
394,Slow Ventures,Never climb alone.,https://angel.co/slow-ventures,Boston,11-50,-,http://slow.co,167897
400,Vaxess Technologies,Using Silk To Create Heat Stable Vaccines,https://angel.co/vaxess-technologies,Boston,1-10,"$4,750,000",http://www.vaxess.com,98276
429,Care.com,The leading marketplace for caregivers,https://angel.co/care,Boston,501-1000,"$155,650,000",http://www.care.com/,33330
437,Lovepop,Unexpected. Every time.,https://angel.co/lovepop,Boston,11-50,"$21,100,000",https://lovepop.com,726119
462,Privy,"Capture more emails, improve site conversion, and grow online sales",https://angel.co/privy,Boston,11-50,"$1,714,775",https://www.privy.com,2787
486,Wellframe,Connecting people. Amplifying care.,https://angel.co/wellframe,Boston,11-50,"$25,000,000",http://www.wellframe.com/,30868
518,Crayon,"Track, analyze, and act on everything happening outside your company's four walls.",https://angel.co/crayon,Boston,11-50,"$4,850,000",https://www.crayon.co,543154
603,Neoteny 3,-,https://angel.co/neoteny-3,Boston,1-10,-,,1900230
604,Mendix,"The app platform company for the enterprise: build, integrate and deploy fast.",https://angel.co/mendix,Boston,51-200,"$38,000,000",http://www.mendix.com,45656
606,Sample6,-,https://angel.co/sample6,Boston,-,"$29,450,000",http://www.sample6.com,273565
698,BISON,Changing how you see private equity,https://angel.co/bison,Boston,11-50,"$1,235,000",http://www.bison.co,27212
710,Panorama Education,Helping schools improve through data analytics,https://angel.co/panorama-education,Boston,51-200,"$16,000,000",http://panoramaed.com,256206
712,Renoviso,Ecommerce for home renovation projects,https://angel.co/renoviso,Boston,11-50,"$11,900,000",https://renoviso.com,685058
722,Airfox,Access to financial services for the unbanked in emerging markets,https://angel.co/airfox,Boston,11-50,-,http://www.airfox.com,1026636
742,Raptor Ventures,-,https://angel.co/raptor-ventures,Boston,-,-,http://www.raptorventures.com,102596
791,Saverr Mobile,Consumers saving together,https://angel.co/saverr-mobile,Boston,1-10,"$795,000",http://www.cartcrunch.com,117448
63,Silversheet,-,https://angel.co/silversheet,United States,11-50,"$5,200,000",http://www.silversheet.com,556857
627,Silversheet,-,https://angel.co/silversheet,United States,11-50,"$5,200,000",http://www.silversheet.com,556857
65,WePay,Driving the future of ecommerce via integrated payments,https://angel.co/wepay,Redwood City,201-500,"$74,150,000",http://www.wepay.com,32771
69,Alation,Connecting people with the data they need,https://angel.co/alation,Redwood City,11-50,"$9,000,000",http://alation.com,266966
94,Synack,Crowd Security Intelligence,https://angel.co/synack,Redwood City,51-200,"$34,000,000",http://www.synack.com,177433
107,OpenGov,OpenGov is the leading provider of government performance solutions software,https://angel.co/opengov,Redwood City,51-200,"$47,000,000",https://opengov.com/,899732
214,Highfive,Video & web conferencing you can actually love,https://angel.co/highfive-1,Redwood City,51-200,"$49,500,000",http://highfive.com,108386
258,Kidaptive,-,https://angel.co/kidaptive,Redwood City,11-50,"$24,650,000",http://www.kidaptive.com,149285
499,Citrine Informatics,AI-powered data platform for faster materials development,https://angel.co/citrine-informatics,Redwood City,11-50,-,http://citrine.io,423320
516,Caspar.AI,Home automation as a service,https://angel.co/caspar-ai,Redwood City,11-50,-,http://caspar.ai,1062276
629,WePay,Driving the future of ecommerce via integrated payments,https://angel.co/wepay,Redwood City,201-500,"$74,150,000",http://www.wepay.com,32771
655,Synack,Crowd Security Intelligence,https://angel.co/synack,Redwood City,51-200,"$34,000,000",http://www.synack.com,177433
668,OpenGov,OpenGov is the leading provider of government performance solutions software,https://angel.co/opengov,Redwood City,51-200,"$47,000,000",https://opengov.com/,899732
768,Highfive,Video & web conferencing you can actually love,https://angel.co/highfive-1,Redwood City,51-200,"$49,500,000",http://highfive.com,108386
26,Jetlore,"Turn consumer behavior into structured, actionable data about your customers.",https://angel.co/jetlore,San Mateo,11-50,-,http://www.jetlore.com,15088
68,Freedom Financial Network,-,https://angel.co/freedom-financial-network,San Mateo,501-1000,"$100,500,000",http://www.freedomfinancialnetwork.com/,38359
71,Mode,Data collection from physical world,https://angel.co/mode-inc,San Mateo,1-10,"$2,075,000",http://www.tinkermode.com/,512277
162,Roam Analytics,Machine Intelligence for Human Health,https://angel.co/roam-analytics,San Mateo,,"$11,345,000",http://roamanalytics.com,686236
280,Human API,Real-Time Health Data Network,https://angel.co/humanapi,San Mateo,11-50,-,http://humanapi.co,152635
329,Piqora,Make Your Photos Generate Business Results,https://angel.co/piqora-1,San Mateo,11-50,"$11,200,000",http://www.piqora.com,125529
353,Tylr Mobile,"Connected Mobile Work For the Enterprise, Starting with a Salesperson's Mobile Inbox",https://angel.co/tylr-mobile,San Mateo,1-10,"$1,500,000",http://www.tylrmobile.com,158596
419,Subdream Studios,Social VR Game,https://angel.co/subdream-studios,San Mateo,1-10,-,https://www.subdreamstudios.com/,3188097
426,Second Measure,See inside companies,https://angel.co/second-measure,San Mateo,11-50,"$2,000,000",http://www.secondmeasure.com,849594
592,Jetlore,"Turn consumer behavior into structured, actionable data about your customers.",https://angel.co/jetlore,San Mateo,11-50,-,http://www.jetlore.com,15088
632,Freedom Financial Network,-,https://angel.co/freedom-financial-network,San Mateo,501-1000,"$100,500,000",http://www.freedomfinancialnetwork.com/,38359
634,Mode,Data collection from physical world,https://angel.co/mode-inc,San Mateo,1-10,"$2,075,000",http://www.tinkermode.com/,512277
716,Roam Analytics,Machine Intelligence for Human Health,https://angel.co/roam-analytics,San Mateo,,"$11,345,000",http://roamanalytics.com,686236
70,Kairos,#1 Facial Rec company on AngelList. We love Enterprise. We love SaaS. We love Mobile. ,https://angel.co/kairos,Miami,11-50,"$2,900,000",https://www.kairos.com,81358
633,Kairos,#1 Facial Rec company on AngelList. We love Enterprise. We love SaaS. We love Mobile. ,https://angel.co/kairos,Miami,11-50,"$2,900,000",https://www.kairos.com,81358
74,FullContact,Stay fully connected. Master your contacts. Be awesome with people.,https://angel.co/fullcontact,Denver,201-500,"$50,868,000",https://www.fullcontact.com,1748
84,Pana,Modern corporate travel platform,https://angel.co/pana,Denver,11-50,"$1,550,000",http://pana.com,503139
399,Galvanize Ventures,Investment Fund,https://angel.co/galvanize-ventures,Denver,1-10,-,http://www.galvanize.com/venture,126710
636,FullContact,Stay fully connected. Master your contacts. Be awesome with people.,https://angel.co/fullcontact,Denver,201-500,"$50,868,000",https://www.fullcontact.com,1748
646,Pana,Modern corporate travel platform,https://angel.co/pana,Denver,11-50,"$1,550,000",http://pana.com,503139
78,PowerReviews,-,https://angel.co/powerreviews,Chicago,51-200,"$71,180,000",http://www.powerreviews.com/,47309
82,ParkWhiz,Helping build the future of mobility by making parking easy for all,https://angel.co/parkwhiz,Chicago,51-200,"$36,000,000",https://www.parkwhiz.com,25241
179,Procured Health,Making the medical device market efficient,https://angel.co/procured-health-1,Chicago,-,"$16,375,000",http://www.procuredhealth.com,104504
231,Kenna Security,Business Intelligence for Security,https://angel.co/risk-i-o,Chicago,51-200,"$10,750,000",https://www.kennasecurity.com,116823
245,SpotHero,On-Demand Parking  App,https://angel.co/spothero,Chicago,51-200,"$86,960,000",http://spothero.com,117264
255,Promus Ventures,Investing in early stage software companies that are changing the world.,https://angel.co/promus-ventures,Chicago,1-10,-,http://www.promusventures.com,112652
640,PowerReviews,-,https://angel.co/powerreviews,Chicago,51-200,"$71,180,000",http://www.powerreviews.com/,47309
644,ParkWhiz,Helping build the future of mobility by making parking easy for all,https://angel.co/parkwhiz,Chicago,51-200,"$36,000,000",https://www.parkwhiz.com,25241
733,Procured Health,Making the medical device market efficient,https://angel.co/procured-health-1,Chicago,-,"$16,375,000",http://www.procuredhealth.com,104504
786,Kenna Security,Business Intelligence for Security,https://angel.co/risk-i-o,Chicago,51-200,"$10,750,000",https://www.kennasecurity.com,116823
800,SpotHero,On-Demand Parking  App,https://angel.co/spothero,Chicago,51-200,"$86,960,000",http://spothero.com,117264
88,Bitfusion.io,Supercomputing for the masses,https://angel.co/bitfusion-io,Austin,1-10,-,http://bitfusion.io,659503
224,SubtleData,"API for all POS systems, enabling local commerce",https://angel.co/subtledata,Austin,11-50,"$500,000",http://www.subtledata.com,113838
324,TrendKite,Media Dashboards and On-Demand Media Analysis Reporting,https://angel.co/trendkite,Austin,1-10,"$36,400,000",http://www.trendkite.com,124619
327,Postmaster,Stripe for Shipping,https://angel.co/postmaster,Austin,1-10,"$718,000",https://www.postmaster.io,125519
338,Embrace,Authentic Customer Relationships,https://angel.co/embrace-1,Austin,1-10,"$250,000",http://www.embracecustomers.com,126464
345,TrustRadius,Changing the way enterprise software is bought and sold through in-depth user reviews,https://angel.co/trustradius,Austin,1-10,"$5,000,000",http://www.trustradius.com,133091
367,Written,Proven content. Proven engagement,https://angel.co/written,Austin,1-10,"$1,350,000",http://written.com,174812
650,Bitfusion.io,Supercomputing for the masses,https://angel.co/bitfusion-io,Austin,1-10,-,http://bitfusion.io,659503
779,SubtleData,"API for all POS systems, enabling local commerce",https://angel.co/subtledata,Austin,11-50,"$500,000",http://www.subtledata.com,113838
90,Occipital,Bringing spatial computing to everyday life,https://angel.co/occipital,Boulder,51-200,"$21,515,000",http://www.occipital.com/,49455
118,weeSpring,Trusted consumer reviews,https://angel.co/weespring,Boulder,1-10,-,http://www.weespring.com,156064
244,Conspire,Find the best path to any person or company without ever sending a connection request,https://angel.co/conspire,Boulder,1-10,"$3,518,000",http://goconspire.com,117515
257,STOWER,Mobile-Enabled Energy,https://angel.co/flamestower,Boulder,1-10,-,http://www.stowerenergy.com,149591
308,Seamless Toy Company,We enable kids to be makers.,https://angel.co/seamless-toy-company,Boulder,11-50,-,http://www.myATOMS.com/,178456
335,Pagedip (formerly Beneath the Ink),"Engaging, interactive, measurable digital documentation",https://angel.co/pagedip,Boulder,1-10,"$640,000",http://www.Pagedip.com,125855
539,Stedi,Platform to automate billions of dollars in transactions between retailers and suppliers.,https://angel.co/stedi,Boulder,1-10,"$3,700,000",http://www.stedi.com,3244326
652,Occipital,Bringing spatial computing to everyday life,https://angel.co/occipital,Boulder,51-200,"$21,515,000",http://www.occipital.com/,49455
678,weeSpring,Trusted consumer reviews,https://angel.co/weespring,Boulder,1-10,-,http://www.weespring.com,156064
799,Conspire,Find the best path to any person or company without ever sending a connection request,https://angel.co/conspire,Boulder,1-10,"$3,518,000",http://goconspire.com,117515
89,Trace,Video highlights and player performance automatically.,https://angel.co/traceup,Los Angeles,11-50,"$2,600,000",http://www.traceup.com/,235924
151,GOAT - Sneaker Marketplace,The safest way to buy and sell sneakers on mobile.,https://angel.co/goatapp,Los Angeles,201-500,"$97,600,000",http://www.goat.com,45495
173,CapLinked,Information Security Without Limits,https://angel.co/caplinked,Los Angeles,11-50,"$2,970,000",https://www.caplinked.com/,12650
176,FIGS,100% Awesome Medical Apparel,https://angel.co/figs,Los Angeles,1-10,"$10,000,000",http://www.wearfigs.com,103036
246,Karlin Ventures,Early-stage venture capital fund based in Los Angeles,https://angel.co/karlin-ventures,Los Angeles,1-10,-,http://www.karlinvc.com,117793
260,Realty Mogul,"Online, crowdfunding, capital markets platform for real estate investing.",https://angel.co/realty-mogul,Los Angeles,51-200,"$45,020,000",http://www.realtymogul.com,150420
302,Be Great Partners,Be Great Partners is a leading startup incubator in Los Angeles,https://angel.co/be-great-partners,Los Angeles,51-200,"$6,000,000",http://www.begreat.co,176302
342,Baroda Ventures,LA based seed fund,https://angel.co/baroda-ventures,Los Angeles,1-10,-,http://www.barodaventures.com,131834
348,Prevoty,Web Application Security on Your Terms,https://angel.co/prevoty,Los Angeles,1-10,"$11,127,000",https://www.prevoty.com,185695
391,Pixalate,Leader in fraud protection and data intelligence.,https://angel.co/pixalate,Los Angeles,11-50,"$4,750,000",http://www.pixalate.com,167420
448,Lumi,Packaging for online brands,https://angel.co/lumi,Los Angeles,11-50,"$9,000,000",https://www.lumi.com,73779
530,Replicated,"Private SaaS, as a service",https://angel.co/replicated,Los Angeles,1-10,"$6,500,000",http://www.replicated.com,549720
537,Hush,We're creating the best beauty experience on mobile,https://angel.co/hush-10,Los Angeles,11-50,"$2,000,000",http://shophush.com,3152832
544,Winc,Direct-Distribution Wine Company,https://angel.co/winc,Los Angeles,51-200,"$30,600,000",http://www.winc.com,26411
651,Trace,Video highlights and player performance automatically.,https://angel.co/traceup,Los Angeles,11-50,"$2,600,000",http://www.traceup.com/,235924
707,GOAT - Sneaker Marketplace,The safest way to buy and sell sneakers on mobile.,https://angel.co/goatapp,Los Angeles,201-500,"$97,600,000",http://www.goat.com,45495
727,CapLinked,Information Security Without Limits,https://angel.co/caplinked,Los Angeles,11-50,"$2,970,000",https://www.caplinked.com/,12650
730,FIGS,100% Awesome Medical Apparel,https://angel.co/figs,Los Angeles,1-10,"$10,000,000",http://www.wearfigs.com,103036
801,Karlin Ventures,Early-stage venture capital fund based in Los Angeles,https://angel.co/karlin-ventures,Los Angeles,1-10,-,http://www.karlinvc.com,117793
352,NanoRacks,Commercial and affordable use of outer space,https://angel.co/nanoracks,Houston,11-50,"$3,095,000",http://www.nanoracks.com,193660
314,MicroTransponder,Device Based Tinnitus and Stroke Therapy,https://angel.co/microtransponder-1,Dallas,-,"$8,100,000",http://www.microtransponder.com,126188
356,DropShip Commerce - Dsco,LinkedIn for Distributed/eCommerce Supply Chain,https://angel.co/dropship,Salt Lake City,1-10,"$4,300,000",http://www.dropship.com,98360
406,Peterson Ventures,-,https://angel.co/peterson-ventures,Salt Lake City,1-10,-,http://www.petersonventures.com,164862
181,Plumzi,-,https://angel.co/plumzi,Silicon Valley,11-50,-,http://www.plumzi.com,105699
382,Fenox Venture Capital,Fenox Venture Capital is a Silicon Valley-based global venture capital firm.,https://angel.co/fenox-venture-capital,Silicon Valley,11-50,-,http://fenoxvc.com,160409
735,Plumzi,-,https://angel.co/plumzi,Silicon Valley,11-50,-,http://www.plumzi.com,105699
385,MyCrowd QA - A QASource Company,Software crowdtesting,https://angel.co/mycrowd-qa,San Francisco Bay Area,501-1000,-,https://www.mycrowd.com,163781
202,Sprint.ly,Development Resource Planning,https://angel.co/sprint-ly,Portland,1-10,"$500,000",https://sprint.ly,105017
299,CrowdStreet,Connecting Investors with Investment Real Estate,https://angel.co/crowdstreet,Portland,1-10,"$4,850,000",http://crowdstreet.com,175707
358,Glider (Acquired by FPX),Business intelligence and shorter sales cycles for the contract process.,https://angel.co/glider-acquired-by-fpx,Portland,1-10,"$1,350,000",http://www.glider.com,98861
756,Sprint.ly,Development Resource Planning,https://angel.co/sprint-ly,Portland,1-10,"$500,000",https://sprint.ly,105017
492,Counsyl,an innovative tech company providing people w/ vital information about their bodies ,https://angel.co/counsyl,South San Francisco,201-500,"$32,900,000",https://www.counsyl.com/,35667
212,CrowdHall,Crowdsourced conversations with your favorite people,https://angel.co/crowdhall,Las Vegas,1-10,"$665,000",http://CrowdHall.com,106395
766,CrowdHall,Crowdsourced conversations with your favorite people,https://angel.co/crowdhall,Las Vegas,1-10,"$665,000",http://CrowdHall.com,106395
155,Altos Ventures,A different approach to venture capital,https://angel.co/altos-ventures-2,Menlo Park,1-10,-,http://www.altos.vc,2587601
220,Qubell,Adaptive Platform-as-a-Service for the enterprises,https://angel.co/qubell,Menlo Park,11-50,"$2,800,000",http://qubell.com,114143
711,Altos Ventures,A different approach to venture capital,https://angel.co/altos-ventures-2,Menlo Park,1-10,-,http://www.altos.vc,2587601
775,Qubell,Adaptive Platform-as-a-Service for the enterprises,https://angel.co/qubell,Menlo Park,11-50,"$2,800,000",http://qubell.com,114143
122,Women.com,Publisher/Community striving to speak to the core identity of women.,https://angel.co/women-com-1,Manhattan Beach,1-10,"$1,765,000",https://www.women.com,265929
682,Women.com,Publisher/Community striving to speak to the core identity of women.,https://angel.co/women-com-1,Manhattan Beach,1-10,"$1,765,000",https://www.women.com,265929
190,Urban Remedy,Organic foods and fresh pressed juices,https://angel.co/urban-remedy,Richmond,11-50,"$6,000,000",http://www.urbanremedy.com,104563
744,Urban Remedy,Organic foods and fresh pressed juices,https://angel.co/urban-remedy,Richmond,11-50,"$6,000,000",http://www.urbanremedy.com,104563
193,AgSquared,Enterprise platform for global agriculture,https://angel.co/agsquared,Washington DC,1-10,"$1,200,000",http://www.agsquared.com,106508
275,Disruption,"Research, Investment & Advice For The Private Market.",https://angel.co/disruption-corporation,Washington DC,11-50,-,http://disruption.vc,150765
747,AgSquared,Enterprise platform for global agriculture,https://angel.co/agsquared,Washington DC,1-10,"$1,200,000",http://www.agsquared.com,106508
194,Health Gorilla,First Clinical Network solving Healthcare Interopreability,https://angel.co/health-gorilla,Sunnyvale,11-50,"$4,325,000",https://www.healthgorilla.com,102399
248,Voicegem,Asynchronous voice communication,https://angel.co/voicegem,Sunnyvale,1-10,-,http://www.voicegem.com,113221
748,Health Gorilla,First Clinical Network solving Healthcare Interopreability,https://angel.co/health-gorilla,Sunnyvale,11-50,"$4,325,000",https://www.healthgorilla.com,102399
803,Voicegem,Asynchronous voice communication,https://angel.co/voicegem,Sunnyvale,1-10,-,http://www.voicegem.com,113221
196,Securly,Security for schools & families,https://angel.co/securly,Charlotte,11-50,"$4,000,000",http://www.securly.com,102724
750,Securly,Security for schools & families,https://angel.co/securly,Charlotte,11-50,"$4,000,000",http://www.securly.com,102724
237,Double Robotics,Telepresence Robots,https://angel.co/double-robotics,Burlingame,11-50,"$250,000",http://www.doublerobotics.com,117469
373,Clerky,Helping startups get legal stuff done right (and fast).,https://angel.co/clerky-1,Burlingame,1-10,-,https://www.clerky.com,178766
792,Double Robotics,Telepresence Robots,https://angel.co/double-robotics,Burlingame,11-50,"$250,000",http://www.doublerobotics.com,117469
239,Vine Street Ventures,Vine Street Ventures is a fund dedicated to investing in internet and mobile businesses.,https://angel.co/vine-street-ventures,Cincinnati,1-10,-,http://www.vinestventures.com,116493
404,Ahalogy,Optimized Content Marketing at Scale,https://angel.co/ahalogy,Cincinnati,51-200,"$13,370,000",http://ahalogy.com,164736
794,Vine Street Ventures,Vine Street Ventures is a fund dedicated to investing in internet and mobile businesses.,https://angel.co/vine-street-ventures,Cincinnati,1-10,-,http://www.vinestventures.com,116493
247,Tugboat Yards,"Tools to help grow, manage, monetize and retain audiences",https://angel.co/tugboat-yards,Half Moon Bay,1-10,-,https://tugboatyards.com,113598
802,Tugboat Yards,"Tools to help grow, manage, monetize and retain audiences",https://angel.co/tugboat-yards,Half Moon Bay,1-10,-,https://tugboatyards.com,113598
265,Email Copilot,(previously Embarke) - We get emails to the inbox,https://angel.co/email-copilot,San Diego,1-10,"$1,250,000",http://www.emailcopilot.com,149892
269,DataGravity,We will change the way enterprises extract value from data.,https://angel.co/datagravity,Nashua,-,"$92,000,000",http://datagravity.com/,152129
277,clypd,"Changing TV advertising, one person at a time",https://angel.co/clypd,Somerville,11-50,"$29,800,000",http://www.clypd.com/,152548
283,Promoter.io,Predictive customer intelligence & insights driven by NPS (Net Promoter),https://angel.co/promoter-io,San Antonio,1-10,"$1,437,000",http://www.promoter.io,180386
319,yozio,Organic Mobile Growth Platform,https://angel.co/yozio,Oakland,,"$7,000,000",http://www.yozio.com,126698
346,BriteHub,Cloud tools to streamline your supply chain.,https://angel.co/britehub-2,Oakland,1-10,"$1,030,000",https://britehub.com,184377
402,Kato,Vanguard professional messaging system,https://angel.co/kato,Oakland,11-50,"$1,800,000",http://kato.im,164277
483,Babylist,Loved and trusted by expecting parents. Baby registry + store + content & tools.,https://angel.co/babylist,Oakland,11-50,"$670,000",http://babylist.com,107217
343,hiku,"Puts a retail store in the house, and makes shopping frictionless",https://angel.co/hiku,San Jose,1-10,"$750,000",http://www.hiku.us,132175
380,Campaign,A vertically integrated online furniture brand.,https://angel.co/campaign,Emeryville,1-10,"$3,000,000",http://Angel.co/campaign,176920
372,MD Insider,Machine Learning Enabled Provider Performance Transparency,https://angel.co/md-insider,Santa Monica,51-200,"$23,000,000",https://mdinsider.com,178029
401,FocusMotion,"FocusMotion is the data-driven, deep learning solution for orthopedic recovery.",https://angel.co/focusmotion,Santa Monica,1-10,-,http://www.focusmotion.io,164630
506,Earny,Getting your money back,https://angel.co/earny,Santa Monica,11-50,"$11,500,000",http://www.earny.co,948959
563,DataHero,The fastest easiest way to understand your data,https://angel.co/datahero,Santa Monica,1-10,"$10,250,000",https://datahero.com,28509
381,BitPay,"The world's leader in bitcoin payments. Spend, accept payments, and build with bitcoin.",https://angel.co/bitpay,Atlanta,11-50,"$32,700,000",https://bitpay.com,177479
386,Drummond Road Capital,-,https://angel.co/drummond-road-capital,Cleveland,-,-,http://about.me/drummondroad,164737
383,K5 Ventures,Seed investment fund focused on investments in the US and mostly California,https://angel.co/k5vp,Orange County,11-50,-,http://www.k5ventures.com,167510
438,Zocdoc,-,https://angel.co/zocdoc,Scottsdale,501-1000,"$377,000,000",http://www.zocdoc.com,32840
449,Weave,Communication Platform for SMBs,https://angel.co/weave,Utah,51-200,"$20,500,000",http://www.getweave.com,87594
454,BrandYourself,"The first platform for individuals to clean up, protect and improve your online reputation",https://angel.co/brandyourself,Lancaster,51-200,"$6,800,000",http://www.brandyourself.com/,52176
493,MeUndies,Softer-than-soft basics for everybody.,https://angel.co/meundies,Culver City,51-200,"$1,400,000",https://www.meundies.com,23453
546,Bolt,Let's change payments together,https://angel.co/bolt,Stanford,11-50,-,http://bolt.com/,513101
238,The Kive Company,Using technology to make parent's lives easier.  Our 1st app is ARTKIVE to store kids' art,https://angel.co/the-kive-company,Encino,-,"$775,000",http://www.artkiveapp.com,117384
793,The Kive Company,Using technology to make parent's lives easier.  Our 1st app is ARTKIVE to store kids' art,https://angel.co/the-kive-company,Encino,-,"$775,000",http://www.artkiveapp.com,117384
111,RiskIQ,RiskIQ is the leader in digital threat management,https://angel.co/riskiq,Shawnee,51-200,"$65,500,000",http://www.riskiq.com/,32396
672,RiskIQ,RiskIQ is the leader in digital threat management,https://angel.co/riskiq,Shawnee,51-200,"$65,500,000",http://www.riskiq.com/,32396
175,Variable,Professional IoT Platform,https://angel.co/variable,Chattanooga,11-50,"$3,250,000",http://www.variableinc.com,102830
332,SupplyHog,Amazon of Building Supplies. : Buy Hardware & Building Supplies Online,https://angel.co/supplyhog,Chattanooga,1-10,"$2,500,000",http://www.supplyhog.com,125280
729,Variable,Professional IoT Platform,https://angel.co/variable,Chattanooga,11-50,"$3,250,000",http://www.variableinc.com,102830
